netzbetreiber,gemeindeNummer,gemeindeName,kanton,total
Elektrizitätswerke des Kantons Zürich (EKZ),1,Aeugst am Albis,ZH,24.136
Elektrizitätswerke des Kantons Zürich (EKZ),2,Affoltern am Albis,ZH,24.136
Elektrizitätswerke des Kantons Zürich (EKZ),3,Bonstetten,ZH,24.136
Elektrizitätswerke des Kantons Zürich (EKZ),4,Hausen am Albis,ZH,24.136
Elektrizitätswerke des Kantons Zürich (EKZ),5,Hedingen,ZH,24.136
Elektrizitätswerke des Kantons Zürich (EKZ),6,Kappel am Albis,ZH,24.136
Elektrizitätswerke des Kantons Zürich (EKZ),7,Knonau,ZH,24.136
Elektrizitätswerke des Kantons Zürich (EKZ),8,Maschwanden,ZH,24.136
Elektrizitätswerke des Kantons Zürich (EKZ),9,Mettmenstetten,ZH,24.136
Elektrizitätswerke des Kantons Zürich (EKZ),10,Obfelden,ZH,24.136
Elektrizitätswerke des Kantons Zürich (EKZ),11,Ottenbach,ZH,24.136
Elektrizitätswerke des Kantons Zürich (EKZ),12,Rifferswil,ZH,24.136
Elektrizitätswerke des Kantons Zürich (EKZ),13,Stallikon,ZH,24.136
Elektrizitätswerke des Kantons Zürich (EKZ),14,Wettswil am Albis,ZH,24.136
"Politische Gemeinde Benken ZH, Elektrizitätsversorgung",22,Benken (ZH),ZH,30.313
Elektrizitätswerke des Kantons Zürich (EKZ),23,Berg am Irchel,ZH,24.136
Elektrizitätswerke des Kantons Zürich (EKZ),24,Buch am Irchel,ZH,24.136
Elektrizitätswerke des Kantons Zürich (EKZ),25,Dachsen,ZH,24.136
Elektrizitätswerke des Kantons Zürich (EKZ),26,Dorf,ZH,24.136
Elektrizitätswerke des Kantons Zürich (EKZ),27,Feuerthalen,ZH,24.136
Elektrizitätswerke des Kantons Zürich (EKZ),28,Flaach,ZH,24.136
Elektrizitätswerke des Kantons Zürich (EKZ),29,Flurlingen,ZH,24.136
Elektrizitätswerke des Kantons Zürich (EKZ),31,Henggart,ZH,24.136
Elektrizitätswerke des Kantons Zürich (EKZ),33,Kleinandelfingen,ZH,24.136
Elektrizitätswerke des Kantons Zürich (EKZ),34,Laufen-Uhwiesen,ZH,24.136
Elektrizitätsgenossenschaft Marthalen,35,Marthalen,ZH,31.8
Elektrizitätswerke des Kantons Zürich (EKZ),37,Ossingen,ZH,24.136
Elektrizitätswerke des Kantons Zürich (EKZ),38,Rheinau,ZH,24.136
Elektrizitätswerke des Kantons Zürich (EKZ),39,Thalheim an der Thur,ZH,24.136
Elektrizitätswerke des Kantons Zürich (EKZ),40,Trüllikon,ZH,24.136
Elektrizitätswerke des Kantons Zürich (EKZ),41,Truttikon,ZH,24.136
Elektrizitätswerke des Kantons Zürich (EKZ),43,Volken,ZH,24.136
Elektrizitätswerke des Kantons Zürich (EKZ),51,Bachenbülach,ZH,24.136
Elektrizitätswerke des Kantons Zürich (EKZ),52,Bassersdorf,ZH,24.136
Elektrizitätswerke des Kantons Zürich (EKZ),53,Bülach,ZH,24.136
"Politische Gemeinde Dietlikon, Gemeindewerke",54,Dietlikon,ZH,23.516
Elektrizitätswerke des Kantons Zürich (EKZ),55,Eglisau,ZH,24.136
Elektrizitätswerke des Kantons Zürich (EKZ),56,Embrach,ZH,24.136
Elektrizitätswerke des Kantons Zürich (EKZ),57,Freienstein-Teufen,ZH,24.136
Genossenschaft Licht- und Kraftwerke Glattfelden,58,Glattfelden,ZH,33.583
Elektrizitätswerke des Kantons Zürich (EKZ),59,Hochfelden,ZH,24.136
Elektrizitätswerke des Kantons Zürich (EKZ),60,Höri,ZH,24.136
Elektrizitätswerke des Kantons Zürich (EKZ),61,Hüntwangen,ZH,24.136
Industrielle Betriebe Kloten AG,62,Kloten,ZH,25.014
Elektrizitätswerke des Kantons Zürich (EKZ),63,Lufingen,ZH,24.136
Elektrizitätswerke des Kantons Zürich (EKZ),64,Nürensdorf,ZH,24.136
Elektrizitätswerke des Kantons Zürich (EKZ),65,Oberembrach,ZH,24.136
Energie Opfikon AG,66,Opfikon,ZH,26.393
Elektrizitätswerke des Kantons Zürich (EKZ),67,Rafz,ZH,24.136
Elektrizitätswerke des Kantons Zürich (EKZ),68,Rorbas,ZH,24.136
die werke versorgung wallisellen ag,69,Wallisellen,ZH,29.507
Elektrizitätswerke des Kantons Zürich (EKZ),70,Wasterkingen,ZH,24.136
Elektrizitätswerke des Kantons Zürich (EKZ),71,Wil (ZH),ZH,24.136
Elektrizitätswerke des Kantons Zürich (EKZ),72,Winkel,ZH,24.136
Elektrizitätswerke des Kantons Zürich (EKZ),81,Bachs,ZH,24.136
Elektrizitätswerke des Kantons Zürich (EKZ),82,Boppelsen,ZH,24.136
Elektrizitätswerke des Kantons Zürich (EKZ),83,Buchs (ZH),ZH,24.136
Elektrizitätswerke des Kantons Zürich (EKZ),84,Dällikon,ZH,24.136
Elektrizitätswerke des Kantons Zürich (EKZ),85,Dänikon,ZH,24.136
Elektrizitätswerke des Kantons Zürich (EKZ),86,Dielsdorf,ZH,24.136
Elektrizitätswerke des Kantons Zürich (EKZ),87,Hüttikon,ZH,24.136
Elektrizitätswerke des Kantons Zürich (EKZ),88,Neerach,ZH,24.136
Elektrizitätswerke des Kantons Zürich (EKZ),89,Niederglatt,ZH,24.136
Elektrizitätswerke des Kantons Zürich (EKZ),90,Niederhasli,ZH,24.136
Elektrizitätswerke des Kantons Zürich (EKZ),91,Niederweningen,ZH,24.136
Elektrizitätswerk Oberglatt,92,Oberglatt,ZH,27.539
Elektrizitätswerke des Kantons Zürich (EKZ),93,Oberweningen,ZH,24.136
Elektrizitätsgenossenschaft Otelfingen,94,Otelfingen,ZH,33.497
Elektrizitätswerke des Kantons Zürich (EKZ),95,Regensberg,ZH,24.136
Elektrizitätswerke des Kantons Zürich (EKZ),96,Regensdorf,ZH,24.136
Elektrizitätswerk Rümlang Genossenschaft,97,Rümlang,ZH,27.439
Elektrizitätswerke des Kantons Zürich (EKZ),98,Schleinikon,ZH,24.136
Elektrizitätswerke des Kantons Zürich (EKZ),99,Schöfflisdorf,ZH,24.136
Elektrizitätswerke des Kantons Zürich (EKZ),100,Stadel,ZH,24.136
Elektrizitätswerke des Kantons Zürich (EKZ),101,Steinmaur,ZH,24.136
EGW Weiach Elektrizitätsgenossenschaft,102,Weiach,ZH,31.134
Elektrizitätswerke des Kantons Zürich (EKZ),111,Bäretswil,ZH,24.136
Elektrizitätsgenossenschaft Bubikon,112,Bubikon,ZH,25.238
Gemeindewerke Rüti (ZH),113,Dürnten,ZH,29.697
Elektrizitätswerke des Kantons Zürich (EKZ),114,Fischenthal,ZH,24.136
Energie Gossau AG,115,Gossau (ZH),ZH,26.877
Energie Grüningen AG,116,Grüningen,ZH,29.264
Elektrizitätswerke des Kantons Zürich (EKZ),117,Hinwil,ZH,24.136
Gemeindewerke Rüti (ZH),118,Rüti (ZH),ZH,30.603
Elektrizitätswerke des Kantons Zürich (EKZ),119,Seegräben,ZH,24.136
EW WALD AG,120,Wald (ZH),ZH,25.163
Stadtwerke Wetzikon,121,Wetzikon (ZH),ZH,30.144
Elektrizitätswerke des Kantons Zürich (EKZ),131,Adliswil,ZH,24.136
Elektrizitätswerke des Kantons Zürich (EKZ),135,Kilchberg (ZH),ZH,24.136
Elektrizitätswerke des Kantons Zürich (EKZ),136,Langnau am Albis,ZH,24.136
Elektrizitätswerke des Kantons Zürich (EKZ),137,Oberrieden,ZH,24.136
Elektrizitätswerke des Kantons Zürich (EKZ),138,Richterswil,ZH,24.136
Elektrizitätswerke des Kantons Zürich (EKZ),139,Rüschlikon,ZH,24.136
Elektrizitätswerke des Kantons Zürich (EKZ),141,Thalwil,ZH,24.136
Werke am Zürichsee AG (Erlenbach),151,Erlenbach (ZH),ZH,27.847
"Gemeinde Herrliberg, Elektrizitätsversorgung",152,Herrliberg,ZH,29.363
Elektrizitätswerke des Kantons Zürich (EKZ),153,Hombrechtikon,ZH,24.136
Werke am Zürichsee AG (Küsnacht),154,Küsnacht (ZH),ZH,27.603
"Gemeinde Männedorf, Energieversorung",155,Männedorf,ZH,25.029
Infrastruktur Zürichsee AG,156,Meilen,ZH,26.283
Elektrizitätswerke des Kantons Zürich (EKZ),157,Oetwil am See,ZH,24.136
"Energie und Wasser, Gemeindewerke Stäfa",158,Stäfa,ZH,27.38
Infrastruktur Zürichsee AG,159,Uetikon am See,ZH,26.233
Elektrizitätswerke des Kantons Zürich (EKZ),160,Zumikon,ZH,24.136
Werke am Zürichsee AG (Zollikon),161,Zollikon,ZH,27.303
"Gemeinde Fehraltorf, Elektrizität",172,Fehraltorf,ZH,25.58
Elektrizitätswerke des Kantons Zürich (EKZ),173,Hittnau,ZH,24.136
EW Lindau AG,176,Lindau,ZH,27.211
Gemeindewerke Pfäffikon ZH,177,Pfäffikon,ZH,26.531
Elektrizitätswerke des Kantons Zürich (EKZ),178,Russikon,ZH,24.136
Elektrizitätswerke des Kantons Zürich (EKZ),180,Weisslingen,ZH,24.136
Elektrizitätswerke des Kantons Zürich (EKZ),181,Wila,ZH,24.136
Elektrizitätswerke des Kantons Zürich (EKZ),182,Wildberg,ZH,24.136
Glattwerk AG,191,Dübendorf,ZH,26.27
Elektrizitätswerke des Kantons Zürich (EKZ),192,Egg,ZH,24.136
"Politische Gemeinde Fällanden, Wasser, Abwasser, Strom",193,Fällanden,ZH,25.934
Elektrizitätswerke des Kantons Zürich (EKZ),194,Greifensee,ZH,24.136
Elektrizitätswerke des Kantons Zürich (EKZ),195,Maur,ZH,24.136
Elektrizitätswerke des Kantons Zürich (EKZ),196,Mönchaltorf,ZH,24.136
Elektrizitätswerke des Kantons Zürich (EKZ),197,Schwerzenbach,ZH,24.136
ENERGIE USTER AG,198,Uster,ZH,28.55
Elektrizitätswerke des Kantons Zürich (EKZ),199,Volketswil,ZH,24.136
"Werke Wangen-Brüttisellen, Elektrizitätswerk",200,Wangen-Brüttisellen,ZH,29.027
Elektrizitätswerke des Kantons Zürich (EKZ),211,Altikon,ZH,24.136
Elektrizitätswerke des Kantons Zürich (EKZ),213,Brütten,ZH,24.136
Elektrizitätswerke des Kantons Zürich (EKZ),214,Dägerlen,ZH,24.136
Elektrizitätswerke des Kantons Zürich (EKZ),215,Dättlikon,ZH,24.136
Elektrizitätswerke des Kantons Zürich (EKZ),216,Dinhard,ZH,24.136
Elektrizitätswerke des Kantons Zürich (EKZ),218,Ellikon an der Thur,ZH,24.136
Genossenschaft Elektrizitätswerk Räterschen EWR,219,Elsau,ZH,30.297
Elektrizitätswerke des Kantons Zürich (EKZ),220,Hagenbuch,ZH,24.136
Elektrizitätswerke des Kantons Zürich (EKZ),221,Hettlingen,ZH,24.136
Elektrizitätswerke des Kantons Zürich (EKZ),223,Neftenbach,ZH,24.136
Elektrizitätswerke des Kantons Zürich (EKZ),224,Pfungen,ZH,24.136
Elektrizitätswerke des Kantons Zürich (EKZ),225,Rickenbach (ZH),ZH,24.136
Elektrizitätswerke des Kantons Zürich (EKZ),226,Schlatt (ZH),ZH,24.136
Elektrizitätswerke des Kantons Zürich (EKZ),227,Seuzach,ZH,24.136
Elektrizitätswerke des Kantons Zürich (EKZ),228,Turbenthal,ZH,24.136
Stadtwerk Winterthur,230,Winterthur,ZH,30.482
Elektrizitätswerke des Kantons Zürich (EKZ),231,Zell (ZH),ZH,24.136
Elektrizitätswerke des Kantons Zürich (EKZ),241,Aesch (ZH),ZH,24.136
Elektrizitätswerke des Kantons Zürich (EKZ),242,Birmensdorf (ZH),ZH,24.136
Elektrizitätswerke des Kantons Zürich (EKZ),243,Dietikon,ZH,24.136
Elektrizitätswerke des Kantons Zürich (EKZ),244,Geroldswil,ZH,24.136
Elektrizitätswerke des Kantons Zürich (EKZ),245,Oberengstringen,ZH,24.136
Elektrizitätswerke des Kantons Zürich (EKZ),246,Oetwil an der Limmat,ZH,24.136
Elektrizitätswerke des Kantons Zürich (EKZ),247,Schlieren,ZH,24.136
Elektrizitätswerke des Kantons Zürich (EKZ),248,Uitikon,ZH,24.136
Elektrizitätswerke des Kantons Zürich (EKZ),249,Unterengstringen,ZH,24.136
Elektrizitätswerke des Kantons Zürich (EKZ),250,Urdorf,ZH,24.136
Elektrizitätswerke des Kantons Zürich (EKZ),251,Weiningen (ZH),ZH,24.136
Elektrizitätswerk der Stadt Zürich,261,Zürich,ZH,24.758
"Gemeinde Andelfingen, Stromversorgung",291,Andelfingen,ZH,28.183
Elektrizitätswerke des Kantons Zürich (EKZ),292,Stammheim,ZH,24.136
Elektrizitätswerke des Kantons Zürich (EKZ),293,Wädenswil,ZH,24.136
Elektrizitätswerke des Kantons Zürich (EKZ),294,Elgg,ZH,24.136
Werke Horgen,295,Horgen,ZH,27.914
Elektrizitätswerke des Kantons Zürich (EKZ),296,Illnau-Effretikon,ZH,24.136
Elektrizitätswerke des Kantons Zürich (EKZ),297,Bauma,ZH,24.136
Elektrizitätswerke des Kantons Zürich (EKZ),298,Wiesendangen,ZH,24.136
Evolon AG,301,Aarberg,BE,34.047
"Gemeinde Bargen BE, Elektrizitätsversorgung",302,Bargen (BE),BE,37.363
Evolon AG,303,Grossaffoltern,BE,34.047
"Einwohnergemeinde Kallnach, Stromversorgung",304,Kallnach,BE,30.161
BKW Energie AG,305,Kappelen,BE,27.696
Evolon AG,306,Lyss,BE,34.047
BKW Energie AG,307,Meikirch,BE,27.696
BKW Energie AG,309,Radelfingen,BE,27.696
Genossenschaft Elektra Rapperswil,310,Rapperswil (BE),BE,35.908
BKW Energie AG,311,Schüpfen,BE,27.696
Evolon AG,312,Seedorf (BE),BE,34.047
"Einwohnergemeinde Aarwangen, Elektrizitätsversorgung",321,Aarwangen,BE,30.847
BKW Energie AG,322,Auswil,BE,27.696
BKW Energie AG,323,Bannwil,BE,28.196
BKW Energie AG,324,Bleienbach,BE,27.696
BKW Energie AG,325,Busswil bei Melchnau,BE,27.696
BKW Energie AG,326,Gondiswil,BE,27.696
IB Langenthal AG,329,Langenthal,BE,30.36
"Gemeindebetriebe Lotzwil, Elektrizitätsversorgung",331,Lotzwil,BE,31.697
"Einwohnergemeinde Madiswil, Elektrizitätsversorgung",332,Madiswil,BE,32.663
"Einwohnergemeinde Melchnau, Elektrizitätsversorgung",333,Melchnau,BE,28.213
BKW Energie AG,335,Oeschenbach,BE,27.696
BKW Energie AG,336,Reisiswil,BE,27.696
"Einwohnergemeinde Roggwil, Elektrizitätswerk",337,Roggwil (BE),BE,26.73
BKW Energie AG,338,Rohrbach,BE,27.696
BKW Energie AG,339,Rohrbachgraben,BE,27.696
BKW Energie AG,340,Rütschelen,BE,27.696
BKW Energie AG,341,Schwarzhäusern,BE,28.196
BKW Energie AG,342,Thunstetten,BE,27.696
"Einwohnergemeinde Ursenbach, Elektrizitätsversorgung",344,Ursenbach,BE,28.13
Werkbetriebe Wynau (WBW),345,Wynau,BE,33.13
Energie Wasser Bern,351,Bern,BE,33.26
BKW Energie AG,352,Bolligen,BE,27.696
BKW Energie AG,353,Bremgarten bei Bern,BE,27.696
BKW Energie AG,354,Kirchlindach,BE,27.696
BKW Energie AG,355,Köniz,BE,28.096
BKW Energie AG,356,Muri bei Bern,BE,27.696
BKW Energie AG,357,Oberbalm,BE,27.696
BKW Energie AG,358,Stettlen,BE,27.696
BKW Energie AG,359,Vechigen,BE,27.696
BKW Energie AG,360,Wohlen bei Bern,BE,27.696
BKW Energie AG,361,Zollikofen,BE,27.696
BKW Energie AG,362,Ittigen,BE,27.696
BKW Energie AG,363,Ostermundigen,BE,27.696
Energie Service Biel/Bienne (ESB),371,Biel/Bienne,BE,29.536
BKW Energie AG,372,Evilard,BE,27.696
Regio Energie Solothurn,381,Arch,BE,30.36
"Einwohnergemeinde Büetigen, Elektroversorgung",382,Büetigen,BE,33.03
Energieversorgung Büren AG,383,Büren an der Aare,BE,38.774
"Einwohnergemeinde Diessbach bei Büren, Elektrizitätsversorgung",385,Diessbach bei Büren,BE,32.883
BKW Energie AG,386,Dotzigen,BE,27.696
"Einwohnergemeinde Lengnau, Finanzverwaltung, Elektrizität-, Wasser-, Abwasser-, Abfallentsorgung",387,Lengnau (BE),BE,31.537
Regio Energie Solothurn,388,Leuzigen,BE,30.36
BKW Energie AG,389,Meienried,BE,27.696
BKW Energie AG,390,Meinisberg,BE,27.696
"Gemeinde Oberwil bei Büren, Energieversorgung",391,Oberwil bei Büren,BE,36.697
"Einwohnergemeinde Pieterlen, Stromverkauf",392,Pieterlen,BE,34.03
Regio Energie Solothurn,393,Rüti bei Büren,BE,31.36
GEBNET AG,394,Wengi,BE,37.686
"Genossenschaft Elektra, Jegenstorf",401,Aefligen,BE,30.82
BKW Energie AG,402,Alchenstorf,BE,27.696
"Genossenschaft Elektra, Jegenstorf",403,Bäriswil,BE,30.83
Localnet AG,404,Burgdorf,BE,31.933
BKW Energie AG,405,Ersigen,BE,27.696
Elektra Schwanden i.E. Genossenschaft,406,Hasle bei Burgdorf,BE,36.472
BKW Energie AG,407,Heimiswil,BE,27.696
BKW Energie AG,408,Hellsau,BE,27.696
"Genossenschaft Elektra, Jegenstorf",409,Hindelbank,BE,30.83
BKW Energie AG,410,Höchstetten,BE,26.196
"Genossenschaft Elektra, Jegenstorf",411,Kernenried,BE,30.78
EnerCom Kirchberg AG,412,Kirchberg (BE),BE,34.48
Genossenschaft Elektra Koppigen-Willadingen,413,Koppigen,BE,32.497
"Genossenschaft Elektra, Jegenstorf",414,Krauchthal,BE,30.78
"Genossenschaft Elektra, Jegenstorf",415,Lyssach,BE,30.83
Energie- und Wasserversorgung Oberburg,418,Oberburg,BE,35.139
"Genossenschaft Elektra, Jegenstorf",420,Rüdtligen-Alchenflüh,BE,29.93
BKW Energie AG,421,Rumendingen,BE,27.696
BKW Energie AG,422,Rüti bei Lyssach,BE,27.696
Genossenschaft Elektra Koppigen-Willadingen,423,Willadingen,BE,32.497
BKW Energie AG,424,Wynigen,BE,27.696
BKW Energie AG,431,Corgémont,BE,27.696
Société des Forces Électriques de La Goule SA,432,Cormoret,BE,30.127
Société des Forces Électriques de La Goule SA,433,Cortébert,BE,30.327
Société des Forces Électriques de La Goule SA,434,Courtelary,BE,30.227
Société des Forces Électriques de La Goule SA,435,La Ferrière,BE,29.927
Société des Forces Électriques de La Goule SA,437,Mont-Tramelan,BE,30.127
BKW Energie AG,438,Orvin,BE,27.696
Société des Forces Électriques de La Goule SA,441,Renan (BE),BE,30.127
BKW Energie AG,442,Romont (BE),BE,27.696
Commune de Saint-Imier,443,Saint-Imier,BE,34.586
BKW Energie AG,444,Sonceboz-Sombeval,BE,27.696
Société des Forces Électriques de La Goule SA,445,Sonvilier,BE,30.227
"Commune de Tramelan, électricité",446,Tramelan,BE,31.3
Société des Forces Électriques de La Goule SA,448,Villeret,BE,30.127
BKW Energie AG,449,Sauge,BE,27.696
BKW Energie AG,450,Péry-La Heutte,BE,27.696
BKW Energie AG,491,Brüttelen,BE,27.696
BKW Energie AG,492,Erlach,BE,27.696
BKW Energie AG,493,Finsterhennen,BE,27.696
BKW Energie AG,494,Gals,BE,27.696
BKW Energie AG,495,Gampelen,BE,27.696
"Einwohnergemeinde Ins, Elektrizitätsversorgung",496,Ins,BE,36.88
BKW Energie AG,497,Lüscherz,BE,27.696
BKW Energie AG,498,Müntschemier,BE,27.696
"Einwohnergemeinde Siselen, Elektrizitätsversorgung",499,Siselen,BE,30.097
BKW Energie AG,500,Treiten,BE,27.696
BKW Energie AG,501,Tschugg,BE,27.696
BKW Energie AG,502,Vinelz,BE,27.696
"Genossenschaft Elektra, Jegenstorf",533,Bätterkinden,BE,29.93
"Genossenschaft Elektra, Jegenstorf",535,Deisswil b. Münchenbuch.,BE,30.83
"Genossenschaft Elektra, Jegenstorf",538,Fraubrunnen,BE,30.83
"Genossenschaft Elektra, Jegenstorf",540,Jegenstorf,BE,30.83
"Genossenschaft Elektra, Jegenstorf",541,Iffwil,BE,30.83
"Genossenschaft Elektra, Jegenstorf",543,Mattstetten,BE,30.78
"Genossenschaft Elektra, Jegenstorf",544,Moosseedorf,BE,30.93
Energie Münchenbuchsee AG,546,Münchenbuchsee,BE,33.963
"Genossenschaft Elektra, Jegenstorf",551,Urtenen-Schönbühl,BE,30.83
BKW Energie AG,552,Utzenstorf,BE,27.696
"Genossenschaft Elektra, Jegenstorf",553,Wiggiswil,BE,30.83
BKW Energie AG,554,Wiler bei Utzenstorf,BE,27.696
BKW Energie AG,556,Zielebach,BE,27.296
"Genossenschaft Elektra, Jegenstorf",557,Zuzwil (BE),BE,30.83
Licht- und Wasserwerk Adelboden AG,561,Adelboden,BE,32.739
BKW Energie AG,562,Aeschi bei Spiez,BE,27.696
BKW Energie AG,563,Frutigen,BE,27.696
BKW Energie AG,564,Kandergrund,BE,27.696
Licht- und Wasserwerk AG Kandersteg,565,Kandersteg,BE,32.333
BKW Energie AG,566,Krattigen,BE,27.696
BKW Energie AG,567,Reichenbach im Kandertal,BE,27.696
BKW Energie AG,571,Beatenberg,BE,27.696
BKW Energie AG,572,Bönigen,BE,27.696
"Einwohnergemeinde Brienz, Elektrizitätsversorgung",573,Brienz (BE),BE,28.73
"Gemeinde Brienzwiler, Elekrizität",574,Brienzwiler,BE,35.33
BKW Energie AG,575,Därligen,BE,27.696
BKW Energie AG,576,Grindelwald,BE,26.696
BKW Energie AG,577,Gsteigwiler,BE,27.696
Jungfraubahn AG,578,Gündlischwand,BE,25.722
BKW Energie AG,579,Habkern,BE,27.696
BKW Energie AG,580,Hofstetten bei Brienz,BE,26.196
Industrielle Betriebe Interlaken (IBI) AG,581,Interlaken,BE,29.207
BKW Energie AG,582,Iseltwald,BE,27.696
Jungfraubahn AG,584,Lauterbrunnen,BE,25.722
BKW Energie AG,585,Leissigen,BE,27.696
Jungfraubahn AG,586,Lütschental,BE,25.722
Industrielle Betriebe Interlaken (IBI) AG,587,Matten bei Interlaken,BE,29.207
BKW Energie AG,588,Niederried b. Interlaken,BE,26.196
BKW Energie AG,589,Oberried am Brienzersee,BE,26.196
BKW Energie AG,590,Ringgenberg (BE),BE,26.196
BKW Energie AG,591,Saxeten,BE,27.696
BKW Energie AG,592,Schwanden bei Brienz,BE,26.196
Industrielle Betriebe Interlaken (IBI) AG,593,Unterseen,BE,29.207
"Einwohnergemeinde Wilderswil, Elektrizitätsversorgung",594,Wilderswil,BE,32.13
Arni Energie AG,602,Arni (BE),BE,35.522
"Einwohnergemeinde Biglen, Stromversorgung",603,Biglen,BE,30.469
BKW Energie AG,605,Bowil,BE,27.696
BKW Energie AG,606,Brenzikofen,BE,27.696
BKW Energie AG,607,Freimettigen,BE,27.696
Energie Grosshöchstetten AG,608,Grosshöchstetten,BE,35.708
BKW Energie AG,609,Häutligen,BE,27.696
BKW Energie AG,610,Herbligen,BE,27.696
BKW Energie AG,611,Kiesen,BE,27.696
BKW Energie AG,612,Konolfingen,BE,27.696
BKW Energie AG,613,Landiswil,BE,27.696
ELEKTRA ENERGIE Genossenschaft,614,Linden,BE,35.163
BKW Energie AG,615,Mirchel,BE,27.696
InfraWerkeMünsingen (IWM),616,Münsingen,BE,31.863
BKW Energie AG,617,Niederhünigen,BE,27.696
ELEKTRA ENERGIE Genossenschaft,619,Oberdiessbach,BE,36.263
BKW Energie AG,620,Oberthal,BE,27.696
BKW Energie AG,622,Oppligen,BE,27.696
BKW Energie AG,623,Rubigen,BE,27.696
BKW Energie AG,626,Walkringen,BE,27.696
Licht- und Kraftgenossenschaft Richigen,627,Worb,BE,32.64
BKW Energie AG,628,Zäziwil,BE,27.696
BKW Energie AG,629,Oberhünigen,BE,27.696
BKW Energie AG,630,Allmendingen,BE,27.696
BKW Energie AG,632,Wichtrach,BE,27.696
BKW Energie AG,662,Ferenbalm,BE,27.696
BKW Energie AG,663,Frauenkappelen,BE,26.196
BKW Energie AG,665,Gurbrü,BE,26.196
BKW Energie AG,666,Kriechenwil,BE,27.696
BKW Energie AG,667,Laupen,BE,27.696
BKW Energie AG,668,Mühleberg,BE,27.696
Groupe E SA,669,Münchenwiler,BE,27.279
BKW Energie AG,670,Neuenegg,BE,27.696
BKW Energie AG,671,Wileroltigen,BE,27.696
BKW Energie AG,681,Belprahon,BE,27.696
BKW Energie AG,683,Champoz,BE,27.696
BKW Energie AG,687,Corcelles (BE),BE,27.696
BKW Energie AG,690,Court,BE,27.696
BKW Energie AG,691,Crémines,BE,27.696
BKW Energie AG,692,Eschert,BE,27.696
BKW Energie AG,694,Grandval,BE,27.696
BKW Energie AG,696,Loveresse,BE,27.696
BKW Energie AG,701,Perrefitte,BE,26.196
BKW Energie AG,703,Reconvilier,BE,27.696
BKW Energie AG,704,Roches (BE),BE,27.696
BKW Energie AG,706,Saicourt,BE,27.696
BKW Energie AG,707,Saules (BE),BE,27.696
BKW Energie AG,708,Schelten,BE,27.696
BKW Energie AG,709,Seehof,BE,27.696
BKW Energie AG,711,Sorvilier,BE,27.696
BKW Energie AG,713,Tavannes,BE,27.696
BKW Energie AG,715,Rebévelier,BE,27.696
BKW Energie AG,716,Petit-Val,BE,27.696
BKW Energie AG,717,Valbirse,BE,27.696
Municipalité de La Neuveville,723,La Neuveville,BE,32.444
"Commune de Nods, Electricité",724,Nods,BE,34.951
"Commune Mixte de Lamboing, Service Electricité",726,Plateau de Diesse,BE,34.207
"Einwohnergemeinde Aegerten, Elektroversorgung",731,Aegerten,BE,35.763
"Einwohnergemeinde Bellmund, Elektrizitätsversorgung",732,Bellmund,BE,35.23
"Einwohnergemeinde Brügg, Elektrizitätsversorgung",733,Brügg,BE,34.063
BKW Energie AG,734,Bühl,BE,27.696
BKW Energie AG,735,Epsach,BE,27.696
BKW Energie AG,736,Hagneck,BE,27.696
BKW Energie AG,737,Hermrigen,BE,27.696
BKW Energie AG,738,Jens,BE,27.696
BKW Energie AG,739,Ipsach,BE,27.696
BKW Energie AG,740,Ligerz,BE,26.196
BKW Energie AG,741,Merzligen,BE,27.696
BKW Energie AG,742,Mörigen,BE,27.696
"Einwohnergemeinde Nidau, Elektrizitätsversorgung",743,Nidau,BE,34.697
BKW Energie AG,744,Orpund,BE,27.696
"Einwohnergemeinde Port, Elektrizitätversorgung",745,Port,BE,32.43
"Einwohnergemeinde Safnern, Elektroversorgung",746,Safnern,BE,35.363
BKW Energie AG,747,Scheuren,BE,26.196
BKW Energie AG,748,Schwadernau,BE,27.696
BKW Energie AG,749,Studen (BE),BE,27.696
BKW Energie AG,750,Sutz-Lattrigen,BE,27.696
BKW Energie AG,751,Täuffelen,BE,27.696
BKW Energie AG,754,Walperswil,BE,27.696
BKW Energie AG,755,Worben,BE,27.696
BKW Energie AG,756,Twann-Tüscherz,BE,27.696
BKW Energie AG,761,Därstetten,BE,26.196
Energiegenossenschaft Diemtigtal,762,Diemtigen,BE,31.686
BKW Energie AG,763,Erlenbach im Simmental,BE,27.696
Elektrizitäts-Genossenschaft (EGO) Oberwil i.S.,766,Oberwil im Simmental,BE,33.897
BKW Energie AG,767,Reutigen,BE,27.696
BKW Energie AG,768,Spiez,BE,27.696
BKW Energie AG,769,Wimmis,BE,26.196
BKW Energie AG,770,Stocken-Höfen,BE,27.696
BKW Energie AG,782,Guttannen,BE,27.696
BKW Energie AG,783,Hasliberg,BE,26.196
BKW Energie AG,784,Innertkirchen,BE,27.696
Alpen Energie Dorfgemeinde Meiringen,785,Meiringen,BE,30.574
Alpen Energie Dorfgemeinde Meiringen,786,Schattenhalb,BE,30.574
BKW Energie AG,791,Boltigen,BE,27.696
BKW Energie AG,792,Lenk,BE,27.696
Elektrizitätsversorgung Ried-St. Stephan AG,793,St. Stephan,BE,37.33
BKW Energie AG,794,Zweisimmen,BE,27.696
Elektrizitätsgenossenschaft Gsteig,841,Gsteig,BE,33.43
BKW Energie AG,842,Lauenen,BE,27.696
BKW Energie AG,843,Saanen,BE,27.696
BKW Energie AG,852,Guggisberg,BE,27.696
BKW Energie AG,853,Rüschegg,BE,27.696
BKW Energie AG,855,Schwarzenburg,BE,27.696
Energie Belp AG,861,Belp,BE,36.311
BKW Energie AG,863,Burgistein,BE,27.696
BKW Energie AG,866,Gerzensee,BE,27.696
BKW Energie AG,867,Gurzelen,BE,27.696
BKW Energie AG,868,Jaberg,BE,27.696
BKW Energie AG,869,Kaufdorf,BE,27.696
BKW Energie AG,870,Kehrsatz,BE,27.696
BKW Energie AG,872,Kirchdorf (BE),BE,27.696
BKW Energie AG,877,Niedermuhlern,BE,27.696
Energie Versorgung Riggisberg (EVR) AG,879,Riggisberg,BE,38.436
BKW Energie AG,880,Rüeggisberg,BE,27.696
BKW Energie AG,883,Seftigen,BE,27.696
BKW Energie AG,884,Toffen,BE,27.696
BKW Energie AG,885,Uttigen,BE,27.696
BKW Energie AG,886,Wattenwil,BE,27.696
BKW Energie AG,888,Wald (BE),BE,27.696
BKW Energie AG,889,Thurnen,BE,27.696
BKW Energie AG,901,Eggiwil,BE,27.696
BKW Energie AG,902,Langnau im Emmental,BE,28.696
Elektrizitätsgenossenschaft Schüpbach,903,Lauperswil,BE,28.997
BKW Energie AG,904,Röthenbach im Emmental,BE,27.696
Elektra Schwanden i.E. Genossenschaft,905,Rüderswil,BE,36.472
Elektrizitätsgenossenschaft Schangnau,906,Schangnau,BE,31.83
Elektrizitätsgenossenschaft Schüpbach,907,Signau,BE,29.747
BKW Energie AG,908,Trub,BE,27.696
BKW Energie AG,909,Trubschachen,BE,27.696
BKW Energie AG,921,Amsoldingen,BE,27.696
Energieversorgung Blumenstein AG (EVB),922,Blumenstein,BE,36.378
ELEKTRA ENERGIE Genossenschaft,923,Buchholterberg,BE,35.913
BKW Energie AG,924,Eriz,BE,27.696
BKW Energie AG,925,Fahrni,BE,27.696
BKW Energie AG,927,Heiligenschwendi,BE,27.696
BKW Energie AG,928,Heimberg,BE,27.696
BKW Energie AG,929,Hilterfingen,BE,26.196
BKW Energie AG,931,Homberg,BE,27.696
"Genossenschaft ""Elektra"" Buchen-Teuffenthal (EBT)",932,Horrenbach-Buchen,BE,41.092
Energie Oberhofen AG,934,Oberhofen am Thunersee,BE,28.69
BKW Energie AG,935,Oberlangenegg,BE,27.696
BKW Energie AG,936,Pohlern,BE,27.696
BKW Energie AG,938,Sigriswil,BE,27.696
NetZulg AG,939,Steffisburg,BE,29.897
"Genossenschaft ""Elektra"" Buchen-Teuffenthal (EBT)",940,Teuffenthal (BE),BE,41.092
BKW Energie AG,941,Thierachern,BE,27.696
Energie Thun AG,942,Thun,BE,29.347
BKW Energie AG,943,Uebeschi,BE,26.196
BKW Energie AG,944,Uetendorf,BE,27.696
BKW Energie AG,945,Unterlangenegg,BE,27.696
BKW Energie AG,946,Wachseldorn,BE,27.696
BKW Energie AG,948,Forst-Längenbühl,BE,27.696
BKW Energie AG,951,Affoltern im Emmental,BE,27.696
BKW Energie AG,952,Dürrenroth,BE,27.696
"Gemeinde Eriswil, Elektrizitätsversorgung",953,Eriswil,BE,35.897
Industrielle Betriebe Huttwil AG,954,Huttwil,BE,32.963
Elektra Schwanden i.E. Genossenschaft,955,Lützelflüh,BE,36.472
BKW Energie AG,956,Rüegsau,BE,27.696
Energie AG Sumiswald,957,Sumiswald,BE,34.597
BKW Energie AG,958,Trachselwald,BE,27.696
BKW Energie AG,959,Walterswil (BE),BE,27.696
BKW Energie AG,960,Wyssachen,BE,27.696
BKW Energie AG,971,Attiswil,BE,27.696
BKW Energie AG,972,Berken,BE,26.196
BKW Energie AG,973,Bettenhausen,BE,27.696
BKW Energie AG,975,Farnern,BE,27.696
BKW Energie AG,976,Graben,BE,27.696
BKW Energie AG,977,Heimenhausen,BE,26.196
EWK Herzogenbuchsee AG,979,Herzogenbuchsee,BE,30.497
BKW Energie AG,980,Inkwil,BE,27.696
BKW Energie AG,981,Niederbipp,BE,26.196
BKW Energie AG,982,Niederönz,BE,27.696
BKW Energie AG,983,Oberbipp,BE,27.696
BKW Energie AG,985,Ochlenberg,BE,27.696
BKW Energie AG,987,Rumisberg,BE,27.696
Elektra Seeberg-Grasswil-Riedtwil Genossenschaft,988,Seeberg,BE,34.297
BKW Energie AG,989,Thörigen,BE,27.696
BKW Energie AG,990,Walliswil bei Niederbipp,BE,27.696
BKW Energie AG,991,Walliswil bei Wangen,BE,27.696
BKW Energie AG,992,Wangen an der Aare,BE,27.696
BKW Energie AG,995,Wiedlisbach,BE,27.696
CKW AG,1001,Doppleschwand,LU,25.414
CKW AG,1002,Entlebuch,LU,25.414
CKW AG,1004,Flühli,LU,25.414
CKW AG,1005,Hasle (LU),LU,25.414
CKW AG,1007,Romoos,LU,25.414
CKW AG,1008,Schüpfheim,LU,25.414
CKW AG,1009,Werthenstein,LU,25.414
Elektrizitätsgenossenschaft Schangnau,1010,Escholzmatt-Marbach,LU,32.23
CKW AG,1021,Aesch (LU),LU,25.414
CKW AG,1023,Ballwil,LU,25.414
CKW AG,1024,Emmen,LU,25.253
CKW AG,1025,Ermensee,LU,25.414
CKW AG,1026,Eschenbach (LU),LU,25.303
CKW AG,1030,Hitzkirch,LU,25.414
WWZ Energie AG,1031,Hochdorf,LU,22.833
CKW AG,1032,Hohenrain,LU,25.414
CKW AG,1033,Inwil,LU,25.414
CKW AG,1037,Rain,LU,25.414
CKW AG,1039,Römerswil,LU,25.414
CKW AG,1040,Rothenburg,LU,25.414
CKW AG,1041,Schongau,LU,25.603
CKW AG,1051,Adligenswil,LU,25.414
CKW AG,1052,Buchrain,LU,25.414
CKW AG,1053,Dierikon,LU,25.414
CKW AG,1054,Ebikon,LU,25.414
CKW AG,1055,Gisikon,LU,25.414
EWS AG,1056,Greppen,LU,27.905
CKW AG,1057,Honau,LU,25.414
CKW AG,1058,Horw,LU,25.333
ewl Kabelnetz AG,1059,Kriens,LU,26.277
ewl Kabelnetz AG,1061,Luzern,LU,27.197
Steiner Energie AG,1062,Malters,LU,28.633
CKW AG,1063,Meggen,LU,25.353
CKW AG,1064,Meierskappel,LU,25.414
CKW AG,1065,Root,LU,25.153
ewl Kabelnetz AG,1066,Schwarzenberg,LU,26.097
CKW AG,1067,Udligenswil,LU,25.414
EWS AG,1068,Vitznau,LU,27.905
EWS AG,1069,Weggis,LU,27.905
CKW AG,1081,Beromünster,LU,25.414
CKW AG,1082,Büron,LU,25.414
CKW AG,1083,Buttisholz,LU,25.414
CKW AG,1084,Eich,LU,25.414
CKW AG,1085,Geuensee,LU,25.414
CKW AG,1086,Grosswangen,LU,25.414
CKW AG,1088,Hildisrieden,LU,25.414
CKW AG,1089,Knutwil,LU,25.414
CKW AG,1091,Mauensee,LU,25.414
CKW AG,1093,Neuenkirch,LU,25.253
CKW AG,1094,Nottwil,LU,25.414
CKW AG,1095,Oberkirch,LU,25.414
CKW AG,1097,Rickenbach (LU),LU,25.414
CKW AG,1098,Ruswil,LU,25.414
CKW AG,1099,Schenkon,LU,25.414
CKW AG,1100,Schlierbach,LU,25.414
CKW AG,1102,Sempach,LU,25.414
CKW AG,1103,Sursee,LU,25.414
CKW AG,1104,Triengen,LU,25.414
CKW AG,1107,Wolhusen,LU,25.414
CKW AG,1121,Alberswil,LU,25.414
CKW AG,1122,Altbüron,LU,25.414
CKW AG,1123,Altishofen,LU,25.414
CKW AG,1125,Dagmersellen,LU,25.414
CKW AG,1127,Egolzwil,LU,25.253
CKW AG,1128,Ettiswil,LU,25.414
CKW AG,1129,Fischbach,LU,25.414
CKW AG,1131,Grossdietwil,LU,25.414
Elektra Opfersei Genossenschaft,1132,Hergiswil bei Willisau,LU,35.367
Elektra Luthern Genossenschaft,1135,Luthern,LU,29.065
CKW AG,1136,Menznau,LU,25.153
CKW AG,1137,Nebikon,LU,25.414
CKW AG,1139,Pfaffnau,LU,25.414
CKW AG,1140,Reiden,LU,25.414
CKW AG,1142,Roggliswil,LU,25.414
CKW AG,1143,Schötz,LU,25.414
ELEKTRA UFHUSEN Genossenschaft,1145,Ufhusen,LU,28.963
CKW AG,1146,Wauwil,LU,25.414
CKW AG,1147,Wikon,LU,25.414
CKW AG,1150,Zell (LU),LU,25.414
Elektra Hergiswil-Dorf Genossenschaft,1151,Willisau,LU,28.833
energieUri AG,1201,Altdorf (UR),UR,25.069
Elektrizitätswerk Ursern,1202,Andermatt,UR,24.702
energieUri AG,1203,Attinghausen,UR,25.069
energieUri AG,1205,Bürglen (UR),UR,25.069
Gemeindewerke Erstfeld,1206,Erstfeld,UR,29.407
energieUri AG,1207,Flüelen,UR,25.069
Elektrizitätswerk Göschenen,1208,Göschenen,UR,16.38
energieUri AG,1209,Gurtnellen,UR,25.069
Elektrizitätswerk Ursern,1210,Hospental,UR,24.702
energieUri AG,1211,Isenthal,UR,25.069
Elektrizitätswerk Ursern,1212,Realp,UR,24.702
energieUri AG,1213,Schattdorf,UR,25.069
energieUri AG,1214,Seedorf (UR),UR,25.069
energieUri AG,1215,Seelisberg,UR,25.069
energieUri AG,1216,Silenen,UR,25.069
energieUri AG,1217,Sisikon,UR,25.069
energieUri AG,1218,Spiringen,UR,25.069
energieUri AG,1219,Unterschächen,UR,25.069
energieUri AG,1220,Wassen,UR,25.069
"EKZ Einsiedeln AG, Dietikon",1301,Einsiedeln,SZ,26.386
EWS AG,1311,Gersau,SZ,28.155
EW Höfe AG,1321,Feusisberg,SZ,25.766
EW Höfe AG,1322,Freienbach,SZ,25.766
EW Höfe AG,1323,Wollerau,SZ,25.766
EWS AG,1331,Küssnacht (SZ),SZ,28.155
Elektrizitätsversorgung Altendorf AG,1341,Altendorf,SZ,33.141
"Gemeinde Galgenen, Elektrizitätsversorgung",1342,Galgenen,SZ,33.36
Elektrizitätsversorgung Innerthal,1343,Innerthal,SZ,38.374
EW Lachen AG,1344,Lachen,SZ,36.91
Elektrizitätswerk Reichenburg,1345,Reichenburg,SZ,33.719
"Gemeinde Schübelbach, Elektroversorgung",1346,Schübelbach,SZ,34.343
"Gemeinde Tuggen, Elektrizitätswerk",1347,Tuggen,SZ,33.296
"Gemeinde Vorderthal, Elektrizitätswerkversorgung",1348,Vorderthal,SZ,39.096
"Gemeinde Wangen SZ, Elektrizitätswerk",1349,Wangen (SZ),SZ,33.498
EWS AG,1361,Alpthal,SZ,26.905
Gemeindewerke Arth Elektrizitäts- und Wasserwerk,1362,Arth,SZ,31.273
ebs Energie AG,1363,Illgau,SZ,26.271
EWS AG,1364,Ingenbohl,SZ,28.155
ebs Energie AG,1365,Lauerz,SZ,26.271
EWS AG,1366,Morschach,SZ,28.155
ebs Energie AG,1367,Muotathal,SZ,26.271
EWS AG,1368,Oberiberg,SZ,28.155
energieUri AG,1369,Riemenstalden,SZ,25.069
EWS AG,1370,Rothenthurm,SZ,27.755
ebs Energie AG,1371,Sattel,SZ,26.271
ebs Energie AG,1372,Schwyz,SZ,26.271
ebs Energie AG,1373,Steinen,SZ,26.271
EWS AG,1374,Steinerberg,SZ,27.905
ebs Energie AG,1375,Unteriberg,SZ,26.271
Elektrizitätswerk Obwalden,1401,Alpnach,OW,26.529
Elektrizitätswerk Obwalden,1402,Engelberg,OW,26.529
Elektrizitätswerk Obwalden,1403,Giswil,OW,26.529
Elektrizitätswerk Obwalden,1404,Kerns,OW,26.529
Elektrizitätswerk Obwalden,1405,Lungern,OW,26.529
Elektrizitätswerk Obwalden,1406,Sachseln,OW,26.529
Elektrizitätswerk Obwalden,1407,Sarnen,OW,26.529
Gemeindewerk Beckenried,1501,Beckenried,NW,26.251
Kantonales Elektrizitätswerk Nidwalden (EWN),1502,Buochs,NW,22.063
Kantonales Elektrizitätswerk Nidwalden (EWN),1503,Dallenwil,NW,22.063
Kantonales Elektrizitätswerk Nidwalden (EWN),1504,Emmetten,NW,22.063
Kantonales Elektrizitätswerk Nidwalden (EWN),1505,Ennetbürgen,NW,22.063
Kantonales Elektrizitätswerk Nidwalden (EWN),1506,Ennetmoos,NW,22.063
Kantonales Elektrizitätswerk Nidwalden (EWN),1507,Hergiswil (NW),NW,22.063
Kantonales Elektrizitätswerk Nidwalden (EWN),1508,Oberdorf (NW),NW,22.063
Kantonales Elektrizitätswerk Nidwalden (EWN),1509,Stans,NW,22.063
Kantonales Elektrizitätswerk Nidwalden (EWN),1510,Stansstad,NW,22.063
Kantonales Elektrizitätswerk Nidwalden (EWN),1511,Wolfenschiessen,NW,22.063
Technische Betriebe Glarus Nord (TBGN),1630,Glarus Nord,GL,32.849
Technische Betriebe Glarus Süd,1631,Glarus Süd,GL,24.322
Technische Betriebe Glarus,1632,Glarus,GL,29.663
WWZ Energie AG,1701,Baar,ZG,21.883
WWZ Energie AG,1702,Cham,ZG,21.883
EGH Elektro-Genossenschaft Hünenberg,1703,Hünenberg,ZG,25.144
Elektrizitätswerke des Kantons Zürich (EKZ),1704,Menzingen,ZG,24.626
WWZ Energie AG,1705,Neuheim,ZG,23.493
WWZ Energie AG,1706,Oberägeri,ZG,21.883
WWZ Energie AG,1707,Risch,ZG,21.883
Wasser- und Elektrizitätswerk Steinhausen AG,1708,Steinhausen,ZG,22.227
WWZ Energie AG,1709,Unterägeri,ZG,21.883
WWZ Energie AG,1710,Walchwil,ZG,21.883
WWZ Energie AG,1711,Zug,ZG,21.883
Groupe E SA,2008,Châtillon (FR),FR,27.279
Groupe E SA,2011,Cugy (FR),FR,27.279
Groupe E SA,2016,Fétigny,FR,27.279
Groupe E SA,2022,Gletterens,FR,27.279
Groupe E SA,2025,Lully (FR),FR,27.279
Groupe E SA,2027,Ménières,FR,27.279
Groupe E SA,2029,Montagny (FR),FR,27.279
Groupe E SA,2035,Nuvilly,FR,27.279
Romande Energie SA,2038,Prévondavaux,FR,28.692
Groupe E SA,2041,Saint-Aubin (FR),FR,27.279
Groupe E SA,2043,Sévaz,FR,27.279
Groupe E SA,2044,Surpierre,FR,27.279
Groupe E SA,2045,Vallon,FR,27.279
Groupe E SA,2050,Les Montets,FR,27.279
Groupe E SA,2051,Delley-Portalban,FR,27.279
Groupe E SA,2053,Belmont-Broye,FR,27.279
Groupe E SA,2054,Estavayer,FR,27.279
Groupe E SA,2055,Cheyres-Châbles,FR,27.279
Groupe E SA,2063,Billens-Hennens,FR,27.279
Groupe E SA,2067,Le Châtelard,FR,27.279
Groupe E SA,2068,Châtonnaye,FR,27.279
Groupe E SA,2079,Grangettes,FR,27.279
Groupe E SA,2086,Massonnens,FR,27.279
Groupe E SA,2087,Mézières (FR),FR,27.279
Groupe E SA,2096,Romont (FR),FR,27.279
Groupe E SA,2097,Rue,FR,27.279
Groupe E SA,2099,Siviriez,FR,27.279
Groupe E SA,2102,Ursy,FR,27.279
Groupe E SA,2113,Vuisternens-dev-Romont,FR,27.279
Groupe E SA,2114,Villorsonnens,FR,27.279
Groupe E SA,2115,Torny,FR,27.279
Groupe E SA,2117,Villaz,FR,27.279
Groupe E SA,2121,Haut-Intyamon,FR,27.279
Groupe E SA,2122,Pont-en-Ogoz,FR,27.279
Gruyère Energie S.A.,2123,Botterens,FR,28.649
Groupe E SA,2124,Broc,FR,27.279
Gruyère Energie S.A.,2125,Bulle,FR,27.992
Gruyère Energie S.A.,2128,Châtel-sur-Montsalvens,FR,28.649
Gruyère Energie S.A.,2129,Corbières,FR,28.649
Gruyère Energie S.A.,2130,Crésuz,FR,28.649
Gruyère Energie S.A.,2131,Echarlens,FR,28.649
Groupe E SA,2134,Grandvillard,FR,27.279
Groupe E SA,2135,Gruyères,FR,27.279
Groupe E SA,2137,Hauteville,FR,27.279
Groupe E SA,2138,Jaun,FR,27.279
Groupe E SA,2140,Marsens,FR,27.279
Gruyère Energie S.A.,2143,Morlon,FR,28.649
Groupe E SA,2145,Le Pâquier (FR),FR,27.279
Groupe E SA,2147,Pont-la-Ville,FR,27.279
Gruyère Energie S.A.,2148,Riaz,FR,28.649
Groupe E SA,2149,La Roche,FR,27.279
Groupe E SA,2152,Sâles,FR,27.279
Groupe E SA,2153,Sorens,FR,27.279
Groupe E SA,2155,Vaulruz,FR,27.279
Groupe E SA,2160,Vuadens,FR,27.279
Groupe E SA,2162,Bas-Intyamon,FR,27.279
Gruyère Energie S.A.,2163,Val-de-Charmey,FR,28.649
Groupe E SA,2173,Autigny,FR,27.279
Groupe E SA,2174,Avry,FR,27.279
Groupe E SA,2175,Belfaux,FR,27.279
Groupe E SA,2177,Chénens,FR,27.279
Groupe E SA,2183,Corminboeuf,FR,27.279
Groupe E SA,2186,Cottens (FR),FR,27.279
Groupe E SA,2194,Ferpicloz,FR,27.279
Groupe E SA,2196,Fribourg,FR,27.279
Groupe E SA,2197,Givisiez,FR,27.279
Groupe E SA,2198,Granges-Paccot,FR,27.279
Groupe E SA,2206,Marly,FR,27.279
Groupe E SA,2208,Matran,FR,27.279
Groupe E SA,2211,Neyruz (FR),FR,27.279
Groupe E SA,2216,Pierrafortscha,FR,27.279
Groupe E SA,2220,Le Mouret,FR,27.279
Groupe E SA,2226,Treyvaux,FR,27.279
Groupe E SA,2228,Villars-sur-Glâne,FR,27.279
Groupe E SA,2230,Villarsel-sur-Marly,FR,27.279
Groupe E SA,2233,Hauterive (FR),FR,27.279
Groupe E SA,2234,La Brillaz,FR,27.279
Groupe E SA,2235,La Sonnaz,FR,27.279
Groupe E SA,2236,Gibloux,FR,27.279
Groupe E SA,2237,Prez,FR,27.279
Groupe E SA,2238,Bois-d'Amont,FR,27.279
Groupe E SA,2239,Grolley-Ponthaux,FR,27.279
Groupe E SA,2250,Courgevaux,FR,27.279
Groupe E SA,2254,Courtepin,FR,27.279
Groupe E SA,2257,Cressier (FR),FR,27.279
Groupe E SA,2258,Fräschels,FR,27.279
Groupe E SA,2261,Greng,FR,27.279
Groupe E SA,2262,Gurmels,FR,27.279
Groupe E SA,2265,Kerzers,FR,27.279
Groupe E SA,2266,Kleinbösingen,FR,27.279
Industrielle Betriebe Murten,2271,Meyriez,FR,26.385
Groupe E SA,2272,Misery-Courtion,FR,27.279
Industrielle Betriebe Murten,2274,Muntelier,FR,26.945
Groupe E SA,2275,Murten,FR,27.839
Groupe E SA,2276,Ried bei Kerzers,FR,27.279
Groupe E SA,2278,Ulmiz,FR,27.279
Groupe E SA,2284,Mont-Vully,FR,27.279
Groupe E SA,2292,Brünisried,FR,27.279
Groupe E SA,2293,Düdingen,FR,27.279
Groupe E SA,2294,Giffers,FR,27.279
Groupe E SA,2295,Bösingen,FR,27.279
Groupe E SA,2296,Heitenried,FR,27.279
Groupe E SA,2299,Plaffeien,FR,27.279
Groupe E SA,2300,Plasselb,FR,27.279
Groupe E SA,2301,Rechthalten,FR,27.279
Groupe E SA,2303,St. Silvester,FR,27.279
Groupe E SA,2304,St. Ursen,FR,27.279
Groupe E SA,2305,Schmitten (FR),FR,27.279
Groupe E SA,2306,Tafers,FR,27.279
Groupe E SA,2307,Tentlingen,FR,27.279
Groupe E SA,2308,Ueberstorf,FR,27.279
Groupe E SA,2309,Wünnewil-Flamatt,FR,27.279
Groupe E SA,2321,Attalens,FR,27.279
Groupe E SA,2323,Bossonnens,FR,27.279
Groupe E SA,2325,Châtel-Saint-Denis,FR,27.279
Groupe E SA,2328,Granges (Veveyse),FR,27.279
Groupe E SA,2333,Remaufens,FR,27.279
Groupe E SA,2335,Saint-Martin (FR),FR,27.279
Groupe E SA,2336,Semsales,FR,27.279
Groupe E SA,2337,Le Flon,FR,27.279
Groupe E SA,2338,La Verrerie,FR,27.279
Elektrizitätsversorgung Egerkingen,2401,Egerkingen,SO,23.467
HEnergie Härkingen HEH,2402,Härkingen,SO,29.094
Energie Kestenholz,2403,Kestenholz,SO,43.613
Elektra Neuendorf,2404,Neuendorf,SO,25.326
Elektra Niederbuchsiten (ENI),2405,Niederbuchsiten,SO,30.58
Elektrizitätsversorgung Oberbuchsiten,2406,Oberbuchsiten,SO,29.95
BKW Energie AG,2407,Oensingen,SO,27.696
Elektra Wolfwil AG,2408,Wolfwil,SO,30.813
Genossenschaft Elektra Thal,2421,Aedermannsdorf,SO,28.547
Aare Versorgungs AG (AVAG),2422,Balsthal,SO,32.688
Genossenschaft Elektra Thal,2424,Herbetswil,SO,28.547
Elektra Genossenschaft Holderbank,2425,Holderbank (SO),SO,27.531
Genossenschaft Elektra Thal,2426,Laupersdorf,SO,28.547
Genossenschaft Elektra Thal,2427,Matzendorf,SO,28.547
Elektra Mümliswil-Ramiswil Genossenschaft,2428,Mümliswil-Ramiswil,SO,33.777
BKW Energie AG,2430,Welschenrohr-Gänsbrunnen,SO,27.296
GEBNET AG,2445,Biezwil,SO,37.086
Regio Energie Solothurn,2455,Lüterkofen-Ichertswil,SO,29.36
GEBNET AG,2456,Lüterswil-Gächliwil,SO,38.086
"Genossenschaft Elektra, Jegenstorf",2457,Messen,SO,30.83
Regio Energie Solothurn,2461,Schnottwil,SO,29.36
"Genossenschaft Elektra, Jegenstorf",2463,Unterramsern,SO,30.83
Regio Energie Solothurn,2464,Lüsslingen-Nennigkofen,SO,29.36
GEBNET AG,2465,Buchegg,SO,38.086
Primeo Netz AG,2471,Bättwil,SO,31.977
Primeo Netz AG,2472,Büren (SO),SO,31.977
Primeo Netz AG,2473,Dornach,SO,31.977
Primeo Netz AG,2474,Gempen,SO,31.977
Primeo Netz AG,2475,Hochwald,SO,31.977
Primeo Netz AG,2476,Hofstetten-Flüh,SO,31.977
Primeo Netz AG,2477,Metzerlen-Mariastein,SO,31.977
Primeo Netz AG,2478,Nuglar-St. Pantaleon,SO,31.977
Primeo Netz AG,2479,Rodersdorf,SO,31.977
Primeo Netz AG,2480,Seewen,SO,31.977
Primeo Netz AG,2481,Witterswil,SO,31.977
Aare Versorgungs AG (AVAG),2491,Hauenstein-Ifenthal,SO,32.338
AEW Energie AG,2492,Kienberg,SO,27.892
Aare Versorgungs AG (AVAG),2493,Lostorf,SO,32.188
Aare Versorgungs AG (AVAG),2495,Niedergösgen,SO,32.258
Aare Versorgungs AG (AVAG),2497,Obergösgen,SO,32.308
Aare Versorgungs AG (AVAG),2499,Stüsslingen,SO,32.688
Aare Versorgungs AG (AVAG),2500,Trimbach,SO,32.338
Aare Versorgungs AG (AVAG),2501,Winznau,SO,32.338
Aare Versorgungs AG (AVAG),2502,Wisen (SO),SO,32.338
Eniwa AG,2503,Erlinsbach (SO),SO,27.173
Genossenschaft Elektra Äusseres Wasseramt EAW,2511,Aeschi (SO),SO,30.155
EV Energieversorgung Biberist,2513,Biberist,SO,28.78
BKW Energie AG,2514,Bolken,SO,27.296
BKW Energie AG,2516,Deitingen,SO,27.296
EWD,2517,Derendingen,SO,30.697
Genossenschaft Elektra Äusseres Wasseramt EAW,2518,Etziken,SO,30.155
BKW Energie AG,2519,Gerlafingen,SO,27.196
Genossenschaft Elektra Äusseres Wasseramt EAW,2523,Horriwil,SO,30.155
Genossenschaft Elektra Äusseres Wasseramt EAW,2524,Hüniken,SO,30.155
BKW Energie AG,2525,Kriegstetten,SO,27.196
"Genossenschaft Elektra, Jegenstorf",2526,Lohn-Ammannsegg,SO,29.93
BKW Energie AG,2527,Luterbach,SO,27.196
BKW Energie AG,2528,Obergerlafingen,SO,27.296
BKW Energie AG,2530,Recherswil,SO,27.296
Regio Energie Solothurn,2532,Subingen,SO,30.36
Regio Energie Solothurn,2534,Zuchwil,SO,29.96
BKW Energie AG,2535,Drei Höfe,SO,27.296
BKW Energie AG,2541,Balm bei Günsberg,SO,27.296
BKW Energie AG,2542,Bellach,SO,27.296
BKW Energie AG,2543,Bettlach,SO,27.296
BKW Energie AG,2544,Feldbrunnen-St. Niklaus,SO,26.896
BKW Energie AG,2545,Flumenthal,SO,27.296
SWG,2546,Grenchen,SO,27.497
BKW Energie AG,2547,Günsberg,SO,27.296
BKW Energie AG,2548,Hubersdorf,SO,27.296
BKW Energie AG,2549,Kammersrohr,SO,27.296
Regio Energie Solothurn,2550,Langendorf,SO,30.36
Regio Energie Solothurn,2551,Lommiswil,SO,30.36
BKW Energie AG,2553,Oberdorf (SO),SO,27.296
BKW Energie AG,2554,Riedholz,SO,27.296
BKW Energie AG,2555,Rüttenen,SO,27.296
BKW Energie AG,2556,Selzach,SO,27.296
eug Elektra Untergäu Genossenschaft,2571,Boningen,SO,30.468
Aare Versorgungs AG (AVAG),2572,Däniken,SO,32.112
Aare Versorgungs AG (AVAG),2573,Dulliken,SO,32.262
Eniwa AG,2574,Eppenberg-Wöschnau,SO,27.173
Elektra Fulenbach (EFU),2575,Fulenbach,SO,34.68
Elektra Gretzenbach AG,2576,Gretzenbach,SO,26.645
eug Elektra Untergäu Genossenschaft,2578,Gunzgen,SO,30.468
eug Elektra Untergäu Genossenschaft,2579,Hägendorf,SO,30.468
eug Elektra Untergäu Genossenschaft,2580,Kappel (SO),SO,30.468
Städtische Betriebe Olten (SBO),2581,Olten,SO,30.419
Aare Versorgungs AG (AVAG),2582,Rickenbach (SO),SO,31.888
Aare Versorgungs AG (AVAG),2583,Schönenwerd,SO,32.204
Aare Versorgungs AG (AVAG),2584,Starrkirch-Wil,SO,32.338
Aare Versorgungs AG (AVAG),2585,Walterswil (SO),SO,32.338
Aare Versorgungs AG (AVAG),2586,Wangen bei Olten,SO,32.338
Regio Energie Solothurn,2601,Solothurn,SO,30.66
Primeo Netz AG,2611,Bärschwil,SO,31.977
Primeo Netz AG,2612,Beinwil (SO),SO,31.977
Primeo Netz AG,2613,Breitenbach,SO,31.977
Primeo Netz AG,2614,Büsserach,SO,31.977
Primeo Netz AG,2615,Erschwil,SO,31.977
Primeo Netz AG,2616,Fehren,SO,31.977
Primeo Netz AG,2617,Grindel,SO,31.977
Primeo Netz AG,2618,Himmelried,SO,31.977
Primeo Netz AG,2619,Kleinlützel,SO,31.977
Primeo Netz AG,2620,Meltingen,SO,31.977
Primeo Netz AG,2621,Nunningen,SO,31.977
Primeo Netz AG,2622,Zullwil,SO,31.977
IWB Industrielle Werke Basel,2701,Basel,BS,33.25
IWB Industrielle Werke Basel,2702,Bettingen,BS,33.25
IWB Industrielle Werke Basel,2703,Riehen,BS,33.25
Primeo Netz AG,2761,Aesch (BL),BL,31.977
Primeo Netz AG,2762,Allschwil,BL,31.977
Primeo Netz AG,2763,Arlesheim,BL,31.977
Primeo Netz AG,2764,Biel-Benken,BL,31.977
Primeo Netz AG,2765,Binningen,BL,31.977
Primeo Netz AG,2766,Birsfelden,BL,31.977
Primeo Netz AG,2767,Bottmingen,BL,31.977
Primeo Netz AG,2768,Ettingen,BL,31.977
Primeo Netz AG,2769,Münchenstein,BL,31.977
Primeo Netz AG,2770,Muttenz,BL,31.977
Primeo Netz AG,2771,Oberwil (BL),BL,31.977
Primeo Netz AG,2772,Pfeffingen,BL,31.977
Primeo Netz AG,2773,Reinach (BL),BL,31.977
Primeo Netz AG,2774,Schönenbuch,BL,31.977
Primeo Netz AG,2775,Therwil,BL,31.977
BKW Energie AG,2781,Blauen,BL,27.696
Primeo Netz AG,2782,Brislach,BL,31.977
Primeo Netz AG,2783,Burg im Leimental,BL,31.977
BKW Energie AG,2784,Dittingen,BL,27.696
Primeo Netz AG,2785,Duggingen,BL,31.977
Primeo Netz AG,2786,Grellingen,BL,31.977
Primeo Netz AG,2787,Laufen,BL,31.977
Primeo Netz AG,2788,Liesberg,BL,31.977
BKW Energie AG,2789,Nenzlingen,BL,26.946
BKW Energie AG,2790,Roggenburg,BL,27.696
BKW Energie AG,2791,Röschenz,BL,27.696
BKW Energie AG,2792,Wahlen,BL,27.696
BKW Energie AG,2793,Zwingen,BL,27.696
EBL (Genossenschaft Elektra Baselland),2821,Arisdorf,BL,30.196
EBL (Genossenschaft Elektra Baselland),2823,Bubendorf,BL,30.196
EBL (Genossenschaft Elektra Baselland),2824,Frenkendorf,BL,30.196
EBL (Genossenschaft Elektra Baselland),2825,Füllinsdorf,BL,30.196
EBL (Genossenschaft Elektra Baselland),2826,Giebenach,BL,30.196
EBL (Genossenschaft Elektra Baselland),2827,Hersberg,BL,30.196
EBL (Genossenschaft Elektra Baselland),2828,Lausen,BL,30.196
EBL (Genossenschaft Elektra Baselland),2829,Liestal,BL,30.196
Primeo Netz AG,2830,Lupsingen,BL,31.977
Primeo Netz AG,2831,Pratteln,BL,31.977
EBL (Genossenschaft Elektra Baselland),2832,Ramlinsburg,BL,30.196
EBL (Genossenschaft Elektra Baselland),2833,Seltisberg,BL,30.196
EBL (Genossenschaft Elektra Baselland),2834,Ziefen,BL,30.196
EBL (Genossenschaft Elektra Baselland),2841,Anwil,BL,30.196
EBL (Genossenschaft Elektra Baselland),2842,Böckten,BL,30.196
EBL (Genossenschaft Elektra Baselland),2843,Buckten,BL,30.196
EBL (Genossenschaft Elektra Baselland),2844,Buus,BL,30.196
EBL (Genossenschaft Elektra Baselland),2845,Diepflingen,BL,30.196
EBL (Genossenschaft Elektra Baselland),2846,Gelterkinden,BL,30.196
EBL (Genossenschaft Elektra Baselland),2847,Häfelfingen,BL,30.196
EBL (Genossenschaft Elektra Baselland),2848,Hemmiken,BL,30.196
Genossenschaft Elektra Itingen,2849,Itingen,BL,24.312
EBL (Genossenschaft Elektra Baselland),2850,Känerkinden,BL,30.196
EBL (Genossenschaft Elektra Baselland),2851,Kilchberg (BL),BL,30.196
EBL (Genossenschaft Elektra Baselland),2852,Läufelfingen,BL,30.196
"Elektra Maisprach, Genossenschaft",2853,Maisprach,BL,32.088
EBL (Genossenschaft Elektra Baselland),2854,Nusshof,BL,30.196
EBL (Genossenschaft Elektra Baselland),2855,Oltingen,BL,30.196
EBL (Genossenschaft Elektra Baselland),2856,Ormalingen,BL,30.196
EBL (Genossenschaft Elektra Baselland),2857,Rickenbach (BL),BL,30.196
EBL (Genossenschaft Elektra Baselland),2858,Rothenfluh,BL,30.196
EBL (Genossenschaft Elektra Baselland),2859,Rümlingen,BL,30.196
EBL (Genossenschaft Elektra Baselland),2860,Rünenberg,BL,30.196
Genossenschaft Elektra Sissach,2861,Sissach,BL,27.746
EBL (Genossenschaft Elektra Baselland),2862,Tecknau,BL,30.196
EBL (Genossenschaft Elektra Baselland),2863,Tenniken,BL,30.196
EBL (Genossenschaft Elektra Baselland),2864,Thürnen,BL,30.196
EBL (Genossenschaft Elektra Baselland),2865,Wenslingen,BL,30.196
EBL (Genossenschaft Elektra Baselland),2866,Wintersingen,BL,30.196
EBL (Genossenschaft Elektra Baselland),2867,Wittinsburg,BL,30.196
EBL (Genossenschaft Elektra Baselland),2868,Zeglingen,BL,30.196
EBL (Genossenschaft Elektra Baselland),2869,Zunzgen,BL,30.196
EBL (Genossenschaft Elektra Baselland),2881,Arboldswil,BL,30.196
EBL (Genossenschaft Elektra Baselland),2882,Bennwil,BL,30.196
Primeo Netz AG,2883,Bretzwil,BL,31.977
EBL (Genossenschaft Elektra Baselland),2884,Diegten,BL,30.196
EBL (Genossenschaft Elektra Baselland),2885,Eptingen,BL,30.196
EBL (Genossenschaft Elektra Baselland),2886,Hölstein,BL,30.196
EBL (Genossenschaft Elektra Baselland),2887,Lampenberg,BL,30.196
EBL (Genossenschaft Elektra Baselland),2888,Langenbruck,BL,30.196
Primeo Netz AG,2889,Lauwil,BL,31.977
EBL (Genossenschaft Elektra Baselland),2890,Liedertswil,BL,30.196
EBL (Genossenschaft Elektra Baselland),2891,Niederdorf,BL,30.196
EBL (Genossenschaft Elektra Baselland),2892,Oberdorf (BL),BL,30.196
Elektra Reigoldswil Genossenschaft,2893,Reigoldswil,BL,28.061
EBL (Genossenschaft Elektra Baselland),2894,Titterten,BL,30.196
EBL (Genossenschaft Elektra Baselland),2895,Waldenburg,BL,30.196
Elektrizitätswerk des Kantons Schaffhausen AG,2901,Gächlingen,SH,32.197
Elektrizitätswerk des Kantons Schaffhausen AG,2903,Löhningen,SH,32.197
Elektrizitätswerk des Kantons Schaffhausen AG,2904,Neunkirch,SH,32.197
Elektrizitätswerk des Kantons Schaffhausen AG,2914,Büttenhardt,SH,32.197
Elektrizitätswerk des Kantons Schaffhausen AG,2915,Dörflingen,SH,32.197
Elektrizitätswerk des Kantons Schaffhausen AG,2917,Lohn (SH),SH,32.197
Elektrizitätswerk des Kantons Schaffhausen AG,2919,Stetten (SH),SH,32.197
Elektrizitätswerk des Kantons Schaffhausen AG,2920,Thayngen,SH,32.197
Elektrizitätswerk des Kantons Schaffhausen AG,2931,Bargen (SH),SH,32.197
Elektrizitätswerk des Kantons Schaffhausen AG,2932,Beringen,SH,32.197
Elektrizitätswerk des Kantons Schaffhausen AG,2933,Buchberg,SH,32.197
Elektrizitätswerk des Kantons Schaffhausen AG,2936,Merishausen,SH,32.197
Elektrizitätswerk des Kantons Schaffhausen AG,2937,Neuhausen am Rheinfall,SH,32.197
Elektrizitätswerk des Kantons Schaffhausen AG,2938,Rüdlingen,SH,32.197
Elektrizitätswerk des Kantons Schaffhausen AG,2939,Schaffhausen,SH,32.197
Elektrizitätswerk des Kantons Schaffhausen AG,2951,Beggingen,SH,32.197
Elektrizitätswerk des Kantons Schaffhausen AG,2952,Schleitheim,SH,32.197
Elektrizitätswerk des Kantons Schaffhausen AG,2953,Siblingen,SH,32.197
Elektrizitätswerk des Kantons Schaffhausen AG,2961,Buch (SH),SH,32.197
Elektrizitätswerk des Kantons Schaffhausen AG,2962,Hemishofen,SH,32.197
Elektrizitätswerk des Kantons Schaffhausen AG,2963,Ramsen,SH,32.197
Elektrizitätswerk des Kantons Schaffhausen AG,2964,Stein am Rhein,SH,32.197
Elektrizitätswerk des Kantons Schaffhausen AG,2971,Hallau,SH,32.197
Elektrizitätswerk des Kantons Schaffhausen AG,2972,Oberhallau,SH,32.197
Elektrizitätswerk des Kantons Schaffhausen AG,2973,Trasadingen,SH,32.197
Elektrizitätswerk des Kantons Schaffhausen AG,2974,Wilchingen,SH,32.197
St. Gallisch-Appenzellische Kraftwerke AG,3001,Herisau,AR,28.741
St. Gallisch-Appenzellische Kraftwerke AG,3002,Hundwil,AR,28.741
Hydrantenkorporation & Elektraversorgung Schönengrund,3003,Schönengrund,AR,29.471
St. Gallisch-Appenzellische Kraftwerke AG,3004,Schwellbrunn,AR,28.741
St. Gallisch-Appenzellische Kraftwerke AG,3005,Stein (AR),AR,28.741
Elektrizitätswerk Urnäsch AG,3006,Urnäsch,AR,29.981
St. Gallisch-Appenzellische Kraftwerke AG,3007,Waldstatt,AR,28.741
St. Gallisch-Appenzellische Kraftwerke AG,3021,Bühler,AR,28.741
St. Gallisch-Appenzellische Kraftwerke AG,3022,Gais,AR,28.741
St. Gallisch-Appenzellische Kraftwerke AG,3023,Speicher,AR,28.741
St. Gallisch-Appenzellische Kraftwerke AG,3024,Teufen (AR),AR,28.741
St. Gallisch-Appenzellische Kraftwerke AG,3025,Trogen,AR,28.741
St. Gallisch-Appenzellische Kraftwerke AG,3031,Grub (AR),AR,28.741
Elektrizitätswerk Heiden AG,3032,Heiden,AR,32.776
St. Gallisch-Appenzellische Kraftwerke AG,3033,Lutzenberg,AR,28.741
St. Gallisch-Appenzellische Kraftwerke AG,3034,Rehetobel,AR,28.741
Elektra-Korporation Schachen-Reute,3035,Reute (AR),AR,31.157
St. Gallisch-Appenzellische Kraftwerke AG,3036,Wald (AR),AR,28.741
Elektra Walzenhausen,3037,Walzenhausen,AR,30.48
Elektra Korporation EKW,3038,Wolfhalden,AR,28.963
"Feuerschaugemeinde Appenzell, Energie- und Wasserversorgung",3101,Appenzell,AI,27.57
St. Gallisch-Appenzellische Kraftwerke AG,3102,Gonten,AI,28.741
St. Gallisch-Appenzellische Kraftwerke AG,3104,Schlatt-Haslen,AI,28.741
Elektra Oberegg,3111,Oberegg,AI,31.997
"Feuerschaugemeinde Appenzell, Energie- und Wasserversorgung",3112,Schwende-Rüte,AI,27.57
"Politische Gemeinde, Häggenschwil, Elektrizitätsversorgung",3201,Häggenschwil,SG,33.497
St. Gallisch-Appenzellische Kraftwerke AG,3202,Muolen,SG,29.341
St.Galler Stadtwerke,3203,St. Gallen,SG,30.59
"Politische Gemeinde Wittenbach, Elektrizitätsversorgung",3204,Wittenbach,SG,32.963
"Elektra Berg SG, Stromversorgung",3211,Berg (SG),SG,37.93
Elektra- und Wasserkorporation Grub SG,3212,Eggersriet,SG,41.463
Technische Betriebe Goldach,3213,Goldach,SG,30.473
"Politische Gemeinde Mörschwil, Elektrizitätsversorgung",3214,Mörschwil,SG,27.343
"Technische Betriebe, Stadt Rorschach",3215,Rorschach,SG,26.433
"Politische Gemeinde Rorschacherberg, Elektrizitätsversorgung",3216,Rorschacherberg,SG,32.463
"Elektra Berg SG, Stromversorgung",3217,Steinach,SG,37.93
"Politische Gemeinde Tübach, Elektrizitätsversorgung",3218,Tübach,SG,32.463
Elektra Untereggen,3219,Untereggen,SG,38.13
"Politische Gemeinde Au SG, Elektrizitätswerk",3231,Au (SG),SG,28.933
"Gemeinde Balgach, Elektrizitätsversorgung",3232,Balgach,SG,27.5
"Elektra Berneck, Stromversorgung",3233,Berneck,SG,28.7
"Politische Gemeinde Diepoldsau, Elektrizitätsversorgung",3234,Diepoldsau,SG,29.79
"Werke Rheineck, Elektrizitätsversorgung",3235,Rheineck,SG,34.297
"Technische Betriebe, Politische Gemeinde St. Margrethen",3236,St. Margrethen,SG,27.257
"Elektrizitäts- und Wasser- Versorgung, Politische Gemeinde Thal",3237,Thal,SG,27.957
"Politische Gemeinde Widnau, Elektra / Stromversorgung",3238,Widnau,SG,27.14
Technische Betriebe Altstätten,3251,Altstätten,SG,31.18
"Gemeinde Eichberg, Elektra",3252,Eichberg,SG,30.513
"Politische Gemeinde Marbach SG, Elektrizitätsversorgung",3253,Marbach (SG),SG,30.833
"Politische Gemeinde Oberriet SG, Elektrizitätsversorgung",3254,Oberriet (SG),SG,30.553
"Politische Gemeinde Rebstein, Elektrizitätsversorgung",3255,Rebstein,SG,30.243
"Politische Gemeinde Rüthi, Elektrizitätsversorgung",3256,Rüthi (SG),SG,31.42
Elektrizitäts- und Wasserwerk der Stadt Buchs (EWB),3271,Buchs (SG),SG,29.563
Elektra Gams Genossenschaft,3272,Gams,SG,34.15
"Technische Betriebe Grabs, Energie, Strom, Wasser",3273,Grabs,SG,31.993
St. Gallisch-Appenzellische Kraftwerke AG,3274,Sennwald,SG,29.341
Gemeinde Sevelen,3275,Sevelen,SG,33.467
Elektro- und Wasserkorporation Wartau EW Wartau,3276,Wartau,SG,34.727
St. Gallisch-Appenzellische Kraftwerke AG,3291,Bad Ragaz,SG,29.341
Murg Flums Energie,3292,Flums,SG,36.38
"Politische Gemeinde Mels, Elektrizitäts- & Wasserwerk",3293,Mels,SG,26.897
St. Gallisch-Appenzellische Kraftwerke AG,3294,Pfäfers,SG,29.341
Murg Flums Energie,3295,Quarten,SG,36.98
St. Gallisch-Appenzellische Kraftwerke AG,3296,Sargans,SG,29.341
"Politische Gemeinde Vilters-Wangs, Elektrizitätswerk Vilters-Wangs",3297,Vilters-Wangs,SG,26.228
Wasser- und Elektrizitätswerk Walenstadt,3298,Walenstadt,SG,32.63
St. Gallisch-Appenzellische Kraftwerke AG,3311,Amden,SG,29.341
"Politische Gemeinde Benken SG, Elektrizitätsversorgung",3312,Benken (SG),SG,30.866
Elektrizitätsversorgung Kaltbrunn AG,3313,Kaltbrunn,SG,32.235
EVS Energieversorgung Schänis AG,3315,Schänis,SG,34.922
St. Gallisch-Appenzellische Kraftwerke AG,3316,Weesen,SG,29.341
Elektrizitätswerk Schmerikon AG,3338,Schmerikon,SG,29.48
Elektrizitätswerk Uznach AG,3339,Uznach,SG,29.505
Elektrizitätswerk Jona-Rapperswil AG,3340,Rapperswil-Jona,SG,23.136
St. Gallisch-Appenzellische Kraftwerke AG,3341,Gommiswald,SG,29.341
St. Gallisch-Appenzellische Kraftwerke AG,3342,Eschenbach (SG),SG,29.341
Dorfkorporation Ebnat-Kappel,3352,Ebnat-Kappel,SG,27.137
St. Gallisch-Appenzellische Kraftwerke AG,3359,Wildhaus-Alt St. Johann,SG,29.341
St. Gallisch-Appenzellische Kraftwerke AG,3360,Nesslau,SG,29.341
St. Gallisch-Appenzellische Kraftwerke AG,3374,Lichtensteig,SG,29.641
Thurwerke AG,3379,Wattwil,SG,29.233
Genossenschaft Energie Fischingen,3392,Kirchberg (SG),SG,32.54
Elektrogenossenschaft Moos-Dieselbach,3393,Lütisburg,SG,34.763
St. Gallisch-Appenzellische Kraftwerke AG,3394,Mosnang,SG,28.741
St. Gallisch-Appenzellische Kraftwerke AG,3395,Bütschwil-Ganterschwil,SG,28.741
Elektrogenossenschaft Moos-Dieselbach,3396,Neckertal,SG,34.763
Elektrogenossenschaft Moos-Dieselbach,3401,Degersheim,SG,34.763
Technische Betriebe Flawil (TBF),3402,Flawil,SG,27.897
St. Gallisch-Appenzellische Kraftwerke AG,3405,Jonschwil,SG,28.741
St. Gallisch-Appenzellische Kraftwerke AG,3407,Oberuzwil,SG,29.741
St. Gallisch-Appenzellische Kraftwerke AG,3408,Uzwil,SG,29.741
Technische Gemeindebetriebe Bischofszell,3422,Niederbüren,SG,41.365
"Politische Gemeinde Niederhelfenschwil, Elektra / Stromversorgung",3423,Niederhelfenschwil,SG,39.83
"Gemeinde Oberbüren, Elektra / Stromversorgung",3424,Oberbüren,SG,34.49
"Politische Gemeinde Zuzwil, Elektrizitätswerk",3426,Zuzwil (SG),SG,32.386
Dorfkorporation Bronschhofen Strom und Wasser,3427,Wil (SG),SG,31.55
Elektra Andwil Stromversorgung,3441,Andwil (SG),SG,32.58
"Politische Gemeinde Gaiserwald, Elektrizitätsversorgung",3442,Gaiserwald,SG,35.923
Elektra Niederbüren Stromversorgung,3443,Gossau (SG),SG,30.843
"Politische Gemeinde Gaiserwald, Elektrizitätsversorgung",3444,Waldkirch,SG,35.323
"Politische Gemeinde Vaz/Obervaz, Elektrizitätswerk / -Versorgung",3506,Vaz/Obervaz,GR,31.78
"Gemeinde Lantsch/Lenz, Elektrizitätsversorgung",3513,Lantsch/Lenz,GR,28.453
"Gemeinde Schmitten, Stromversorgung",3514,Schmitten (GR),GR,27.28
Gemeinde Albula/Alvra,3542,Albula/Alvra,GR,28.95
"Gemeinde Surses, Elektrizitätsversorgung",3543,Surses,GR,27.75
Elektrizitätswerk der Gemeinde Bergün Filisur,3544,Bergün Filisur,GR,36.472
"Comune di Brusio, Erogazione d'Energia Elettrica",3551,Brusio,GR,13.13
"Comune di Poschiavo, Azienda elettrica",3561,Poschiavo,GR,20.697
Repower AG,3572,Falera,GR,30.697
Repower AG,3575,Laax,GR,30.197
Repower AG,3581,Sagogn,GR,30.197
Repower AG,3582,Schluein,GR,30.197
Elektrizitätswerk Vals (EW Vals),3603,Vals,GR,19.244
Repower AG,3618,Lumnezia,GR,30.197
Repower AG,3619,Ilanz/Glion,GR,30.197
Elektrizitätswerk der Stadt Zürich,3633,Fürstenau,GR,24.308
Elektrizitätswerk der Stadt Zürich,3637,Rothenbrunnen,GR,24.308
"Gemeinde Scharans, Elektrizitätswerk",3638,Scharans,GR,29.677
"Gemeinde Sils im Domleschg, Elektrizitätswerk",3640,Sils im Domleschg,GR,12.33
Elektrizitätswerk der Stadt Zürich,3661,Cazis,GR,24.308
Elektrizitätswerk der Stadt Zürich,3662,Flerden,GR,24.308
Elektrizitätswerk der Stadt Zürich,3663,Masein,GR,24.308
"Gemeinde Thusis, Energieversorgung",3668,Thusis,GR,16.227
Elektrizitätswerk der Stadt Zürich,3669,Tschappina,GR,24.308
Elektrizitätswerk der Stadt Zürich,3670,Urmein,GR,24.308
Repower AG,3672,Safiental,GR,29.197
Elektrizitätswerk der Stadt Zürich,3673,Domleschg,GR,24.308
"Gemeinde Andeer, Elektrizitätswesen",3681,Avers,GR,13.969
"Gemeinde Sufers, Stromverkauf",3695,Sufers,GR,12.497
"Gemeinde Andeer, Elektrizitätswesen",3701,Andeer,GR,13.469
"Gemeinde Andeer, Elektrizitätswesen",3711,Rongellen,GR,10.469
"Gemeinde Andeer, Elektrizitätswesen",3712,Zillis-Reischen,GR,11.469
"Gemeinde Andeer, Elektrizitätswesen",3713,Ferrera,GR,13.469
"Gemeinde Rheinwald, Elektrizitätsversorgung",3714,Rheinwald,GR,18.63
"Gemeinde Andeer, Elektrizitätswesen",3715,Muntogna da Schons,GR,10.969
Rhiienergie AG (rhiienergie),3721,Bonaduz,GR,25.636
Rhiienergie AG (rhiienergie),3722,Domat/Ems,GR,25.636
Rhiienergie AG (rhiienergie),3723,Rhäzüns,GR,25.636
Rhiienergie AG (rhiienergie),3731,Felsberg,GR,25.636
Flims Trin Energie AG,3732,Flims,GR,25.088
Rhiienergie AG (rhiienergie),3733,Tamins,GR,25.636
Flims Trin Energie AG,3734,Trin,GR,25.088
EE Energia Engiadina,3746,Zernez,GR,22.117
EW - Samnaun,3752,Samnaun,GR,18.873
EE Energia Engiadina,3762,Scuol,GR,21.117
EE Energia Engiadina,3764,Valsot,GR,20.117
Repower AG,3781,Bever,GR,30.697
St. Moritz Energie,3782,Celerina/Schlarigna,GR,27.527
Repower AG,3783,Madulain,GR,30.897
Repower AG,3784,Pontresina,GR,29.197
Repower AG,3785,La Punt Chamues-ch,GR,30.897
Energia Samedan,3786,Samedan,GR,28.73
St. Moritz Energie,3787,St. Moritz,GR,26.977
Gemeinde S-chanf Energia S-chanf,3788,S-chanf,GR,23.36
Azienda Elettrica Grevasalvas,3789,Sils im Engadin/Segl,GR,35.483
Repower AG,3790,Silvaplana,GR,30.797
Repower AG,3791,Zuoz,GR,30.697
"Comune di Bregaglia, Azienda Elettrica",3792,Bregaglia,GR,18.413
"Comune di Buseno, Azienda Elettrica",3804,Buseno,GR,30.109
Società Elettrica Sopracenerina SA (Mesolcina),3805,Castaneda,GR,29.262
Consorzio Energia Elettrica Calanca,3808,Rossa,GR,30.632
Società Elettrica Sopracenerina SA (Mesolcina),3810,Santa Maria in Calanca,GR,28.262
Media Mesolcina Energia,3821,Lostallo,GR,26.609
"Comune Politico di Mesocco, Azienda Elettrica",3822,Mesocco,GR,26.1
Media Mesolcina Energia,3823,Soazza,GR,26.609
"Comune di Cama, Azienda Elettrica Comunale",3831,Cama,GR,29.646
"Comune di Cama, Azienda Elettrica Comunale",3832,Grono,GR,29.646
Società Elettrica Sopracenerina SA (Mesolcina),3834,Roveredo (GR),GR,28.262
Società Elettrica Sopracenerina SA (Mesolcina),3835,San Vittore,GR,29.262
Consorzio Energia Elettrica Calanca,3837,Calanca,GR,30.632
Provedimaint electric Val Müstair (PEM),3847,Val Müstair,GR,28.33
EWD Elektrizitätswerk Davos AG,3851,Davos,GR,23.661
Repower AG,3861,Fideris,GR,30.697
Repower AG,3862,Furna,GR,30.697
Repower AG,3863,Jenaz,GR,30.697
Repower AG,3871,Klosters,GR,29.197
Repower AG,3881,Conters im Prättigau,GR,29.197
Repower AG,3882,Küblis,GR,29.197
Repower AG,3891,Luzein,GR,29.197
IBC Energie Wasser Chur (IBC),3901,Chur,GR,29.917
Rabiosa Energie,3911,Churwalden,GR,28.906
Arosa Energie,3921,Arosa,GR,25.528
IBC Energie Wasser Chur (IBC),3932,Tschiertschen-Praden,GR,29.917
Trimmiser Industrielle Betriebe (TIB),3945,Trimmis,GR,30.894
"Gemeinde Untervaz, Elektroversorgung",3946,Untervaz,GR,28.443
Repower AG,3947,Zizers,GR,30.697
Repower AG,3951,Fläsch,GR,30.697
"Politische Gemeinde Jenins, Energieversorgung",3952,Jenins,GR,29.01
AG Elektrizitätswerk Maienfeld,3953,Maienfeld,GR,27.363
Repower AG,3954,Malans,GR,30.697
Repower AG,3955,Landquart,GR,30.597
Repower AG,3961,Grüsch,GR,30.697
Repower AG,3962,Schiers,GR,30.697
Repower AG,3972,Seewis im Prättigau,GR,30.697
Repower AG,3981,Breil/Brigels,GR,30.197
Repower AG,3982,Disentis/Mustér,GR,30.197
"Ovra Electrica Medel, Elektrizitätswerk",3983,Medel (Lucmagn),GR,27.93
Repower AG,3985,Sumvitg,GR,30.197
energia alpina,3986,Tujetsch,GR,26.277
Repower AG,3987,Trun,GR,30.197
Repower AG,3988,Obersaxen Mundaun,GR,30.197
Eniwa AG,4001,Aarau,AG,27.173
Eniwa AG,4002,Biberstein,AG,27.173
Eniwa AG,4003,Buchs (AG),AG,27.173
Eniwa AG,4004,Densbüren,AG,27.173
Eniwa AG,4005,Erlinsbach (AG),AG,27.173
TB Gränichen Energie AG,4006,Gränichen,AG,26.933
Eniwa AG,4007,Hirschthal,AG,27.173
Eniwa AG,4008,Küttigen,AG,27.173
"Einwohnergemeinde Muhen, Elektrizitaetsversorgung",4009,Muhen,AG,32.26
"Gemeinde Oberentfelden, Elektrizitätsversorgung",4010,Oberentfelden,AG,30.911
TBS Strom AG,4012,Suhr,AG,28.112
Eniwa AG,4013,Unterentfelden,AG,27.173
Regionalwerke AG Baden,4021,Baden,AG,27.31
Gemeinde Bellikon,4022,Bellikon,AG,28.147
AEW Energie AG,4023,Bergdietikon,AG,27.892
"Einwohnergemeinde Birmenstorf AG, Elektrizitätsversorgung",4024,Birmenstorf (AG),AG,24.213
Regionalwerke AG Baden,4026,Ennetbaden,AG,27.23
Genossenschaft ELEKTRA Fislisbach,4027,Fislisbach,AG,25.013
Genossenschaft Elektra Ehrendingen,4028,Freienwil,AG,24.747
EV Gebenstorf AG,4029,Gebenstorf,AG,29.497
"Gemeinde Killwangen, Elektrizitätsversorgung",4030,Killwangen,AG,27.213
Elektra-Genossenschaft Künten,4031,Künten,AG,23.499
AEW Energie AG,4032,Mägenwil,AG,27.892
"Gemeinde Mellingen, Elektrizitätsversorgung",4033,Mellingen,AG,24.597
Elektrizität Wasser Neuenhof ewn,4034,Neuenhof,AG,26.213
AEW Energie AG,4035,Niederrohrdorf,AG,27.892
AEW Energie AG,4037,Oberrohrdorf,AG,27.892
Elektrizitäts-Genossenschaft Siggenthal,4038,Obersiggenthal,AG,29.806
"ELEKTRA REMETSCHWIL, Genossenschaft",4039,Remetschwil,AG,27.597
"Gemeinde Spreitenbach, Elektrizitätsversorgung",4040,Spreitenbach,AG,24.337
AEW Energie AG,4041,Stetten (AG),AG,27.892
Elektrizitäts-Genossenschaft Siggenthal,4044,Untersiggenthal,AG,29.576
Energie Wettingen AG,4045,Wettingen,AG,26.5
"Einwohnergemeinde Wohlenschwil, Elektrizitätsversorgung",4046,Wohlenschwil,AG,26.837
"Einwohnergemeinde Würenlingen, Elektrizitätsversorgung",4047,Würenlingen,AG,25.263
Technische Betriebe Würenlos,4048,Würenlos,AG,29.763
Genossenschaft Elektra Ehrendingen,4049,Ehrendingen,AG,24.747
Elektra Genossenschaft Arni-Islisberg,4061,Arni (AG),AG,25.463
"Gemeinde Berikon, Elektrizitätsversorgung",4062,Berikon,AG,25.837
AEW Energie AG,4063,Bremgarten (AG),AG,27.892
"Gemeinde Büttikon, Abt. Elektrizitätsversorgung",4064,Büttikon,AG,29.297
Gemeindewerke Villmergen,4065,Dottikon,AG,29.966
AEW Energie AG,4066,Eggenwil,AG,27.892
"Elektra-Genossenschaft, Fischbach-Göslikon",4067,Fischbach-Göslikon,AG,24.513
AEW Energie AG,4068,Hägglingen,AG,27.892
Elektrizitätsgenossenschaft Jonen,4071,Jonen,AG,31.032
"Einwohner- & Ortsbürgergemeinde Niederwil AG, Elektrizitätsversorgung",4072,Niederwil (AG),AG,23.663
Elektra Genossenschaft Oberlunkhofen,4073,Oberlunkhofen,AG,27.83
"Gemeinde Oberwil-Lieli, Elektrizitätsversorgung",4074,Oberwil-Lieli,AG,26.576
Elektra Rudolfstetten-Friedlisberg AG,4075,Rudolfstetten-Friedlisb.,AG,25.993
AEW Energie AG,4076,Sarmenstorf,AG,27.892
AEW Energie AG,4077,Tägerig,AG,27.892
AEW Energie AG,4078,Uezwil,AG,27.892
"Einwohnergemeinde Unterlunkhofen, Elektrizitätsversorgung",4079,Unterlunkhofen,AG,25.797
Gemeindewerke Villmergen,4080,Villmergen,AG,29.966
Elektra Widen Betriebs AG,4081,Widen,AG,23.263
IB Wohlen AG,4082,Wohlen (AG),AG,28.663
"Einwohnergemeinde Zufikon, Elektrizitätsversorgung",4083,Zufikon,AG,33.797
Elektra Genossenschaft Arni-Islisberg,4084,Islisberg,AG,25.463
AEW Energie AG,4091,Auenstein,AG,27.892
IBB Strom AG,4092,Birr,AG,26.82
AEW Energie AG,4093,Birrhard,AG,27.892
IBB Strom AG,4095,Brugg,AG,26.82
IBB Strom AG,4099,Habsburg,AG,26.82
IBB Strom AG,4100,Hausen (AG),AG,26.82
IBB Strom AG,4104,Lupfig,AG,26.82
Elektra Mettauertal und Umgebung Genossenschaft (EMU),4105,Mandach,AG,28.073
AEW Energie AG,4106,Mönthal,AG,27.78
Elektrizitäts - Genossenschaft Mülligen,4107,Mülligen,AG,27.994
AEW Energie AG,4110,Remigen,AG,27.78
Elektrizitäts-Genossenschaft Riniken (EGR),4111,Riniken,AG,27.265
AEW Energie AG,4112,Rüfenach,AG,27.892
"Gemeinde Thalheim, Elektrizitätsversorgung",4117,Thalheim (AG),AG,25.463
AEW Energie AG,4120,Veltheim (AG),AG,27.892
"Einwohnergemeinde Villigen, Elektrizitätsversorgung",4121,Villigen,AG,28.676
IBB Strom AG,4122,Villnachern,AG,26.82
"Einwohnergemeinde Windisch, Elektrizitätsversorgung",4123,Windisch,AG,26.26
AEW Energie AG,4124,Bözberg,AG,27.892
AEW Energie AG,4125,Schinznach,AG,27.892
EWS Energie AG,4131,Beinwil am See,AG,28.23
EWS Energie AG,4132,Birrwil,AG,27.23
AEW Energie AG,4134,Dürrenäsch,AG,27.892
EWS Energie AG,4135,Gontenschwil,AG,27.73
Eniwa AG,4136,Holziken,AG,27.173
AEW Energie AG,4137,Leimbach (AG),AG,27.892
AEW Energie AG,4138,Leutwil,AG,27.78
EWS Energie AG,4139,Menziken,AG,27.73
AEW Energie AG,4140,Oberkulm,AG,27.892
EWS Energie AG,4141,Reinach (AG),AG,27.73
AEW Energie AG,4142,Schlossrued,AG,27.892
AEW Energie AG,4143,Schmiedrued,AG,27.892
"Gemeinde Schöftland, Elektrizitätsversorgung",4144,Schöftland,AG,27.38
"Gemeinde Teufenthal, Elektrizitätsversorgung",4145,Teufenthal (AG),AG,31.097
AEW Energie AG,4146,Unterkulm,AG,27.892
EWS Energie AG,4147,Zetzwil,AG,27.73
AEW Energie AG,4161,Eiken,AG,27.892
AEW Energie AG,4163,Frick,AG,27.892
AEW Energie AG,4164,Gansingen,AG,27.892
Energie Oberes Fricktal AG,4165,Gipf-Oberfrick,AG,26.953
"Gemeinde Kaisten, Elektrizitätsversorgung",4169,Kaisten,AG,25.18
"Einwohnergemeinde Laufenburg, Städt. Elektrizitätsversorung",4170,Laufenburg,AG,29.099
AEW Energie AG,4172,Münchwilen (AG),AG,27.892
Energie Oberes Fricktal AG,4173,Oberhof,AG,26.913
AEW Energie AG,4175,Oeschgen,AG,27.892
Elektra Mettauertal und Umgebung Genossenschaft (EMU),4176,Schwaderloch,AG,28.073
"Einwohnergemeinde Sisseln, Strom",4177,Sisseln,AG,20.028
"Gemeinde Ueken, Elektrizitätsversorgung",4179,Ueken,AG,24.047
Energie Oberes Fricktal AG,4181,Wittnau,AG,26.913
Energie Oberes Fricktal AG,4182,Wölflinswil,AG,26.963
"Einwohnergemeinde Zeihen, Elektra, Elektrizitätsversorgung",4183,Zeihen,AG,26.273
Elektra Mettauertal und Umgebung Genossenschaft (EMU),4184,Mettauertal,AG,28.073
AEW Energie AG,4185,Böztal,AG,27.892
AEW Energie AG,4186,Herznach-Ueken,AG,27.892
AEW Energie AG,4191,Ammerswil,AG,27.892
AEW Energie AG,4192,Boniswil,AG,27.892
AEW Energie AG,4193,Brunegg,AG,27.892
"Einwohnergemeinde Dintikon, Elektrizitätswerk",4194,Dintikon,AG,25.53
Technische Betriebe Seon AG,4195,Egliswil,AG,28.96
AEW Energie AG,4196,Fahrwangen,AG,27.892
AEW Energie AG,4197,Hallwil,AG,27.892
AEW Energie AG,4198,Hendschiken,AG,27.892
AEW Energie AG,4199,Holderbank (AG),AG,27.892
Energie Hunzenschwil AG (ENH),4200,Hunzenschwil,AG,30.93
SWL Energie AG,4201,Lenzburg,AG,26.593
AEW Energie AG,4202,Meisterschwanden,AG,27.892
RTB Regionale Technische Betriebe,4203,Möriken-Wildegg,AG,30.708
RTB Regionale Technische Betriebe,4204,Niederlenz,AG,31.208
AEW Energie AG,4205,Othmarsingen,AG,27.78
"Gemeinde Rupperswil, Elektrizitätsversorgung",4206,Rupperswil,AG,30.297
"Einwohnergemeinde Schafisheim, Elektrizitätsversorgung",4207,Schafisheim,AG,25.497
AEW Energie AG,4208,Seengen,AG,27.892
Technische Betriebe Seon AG,4209,Seon,AG,28.96
"Gemeinde Staufen, Elektrizitätswerk",4210,Staufen,AG,26.61
ELEKTRA Genossenschaft Abtwil,4221,Abtwil,AG,27.953
Elektrizitätsgenossenschaft Aristau,4222,Aristau,AG,27.502
Elektra Genossenschaft Auw,4223,Auw,AG,34.663
Elektrizitätsgenossenschaft Beinwil/Freiamt,4224,Beinwil (Freiamt),AG,23.257
"Gemeinde Besenbüren, Elektrizitätsversorgung",4226,Besenbüren,AG,27.913
"Einwohnergemeinde Bettwil, Elektrizitätsversorgung",4227,Bettwil,AG,27.33
Elektrizitäts-Genossenschaft Boswil-Bünzen,4228,Boswil,AG,25.58
Elektrizitäts-Genossenschaft Boswil-Bünzen,4229,Bünzen,AG,25.58
Energie Freiamt AG,4230,Buttwil,AG,26.77
Energie Freiamt AG,4231,Dietwil,AG,26.77
Elektrizitätsversorgung Geltwil,4232,Geltwil,AG,31.357
AEW Energie AG,4233,Kallern,AG,28.03
Elektrizitäts-Genossenschaft Benzenschwil,4234,Merenschwand,AG,26.647
Elektrizitätsgenossenschaft Mühlau,4235,Mühlau,AG,26.624
Energie Freiamt AG,4236,Muri (AG),AG,26.77
Elektro-Genossenschaft Oberrüti,4237,Oberrüti,AG,25.878
Elektra-Genossenschaft Rottenschwil-Werd,4238,Rottenschwil,AG,26.0
Elektrizitäts-Genossenschaft Aettenschwil,4239,Sins,AG,31.643
AEW Energie AG,4240,Waltenschwil,AG,27.892
AEW Energie AG,4251,Hellikon,AG,27.892
AEW Energie AG,4252,Kaiseraugst,AG,27.892
AEW Energie AG,4253,Magden,AG,27.892
AEW Energie AG,4254,Möhlin,AG,27.892
AEW Energie AG,4255,Mumpf,AG,27.892
AEW Energie AG,4256,Obermumpf,AG,27.892
ELEKTRAGENOSSENSCHAFT OLSBERG,4257,Olsberg,AG,24.197
AEW Energie AG,4258,Rheinfelden,AG,27.892
AEW Energie AG,4259,Schupfart,AG,27.78
AEW Energie AG,4260,Stein (AG),AG,27.892
AEW Energie AG,4261,Wallbach,AG,27.892
AEW Energie AG,4262,Wegenstetten,AG,27.892
"Einwohnergemeinde Zeiningen, Elektrizitätsversorgung",4263,Zeiningen,AG,27.658
AEW Energie AG,4264,Zuzgen,AG,27.892
tba energie ag,4271,Aarburg,AG,29.23
Eniwa AG,4273,Bottenwil,AG,27.173
AEW Energie AG,4274,Brittnau,AG,27.892
Eniwa AG,4275,Kirchleerau,AG,27.173
EWK Energie AG,4276,Kölliken,AG,26.35
Eniwa AG,4277,Moosleerau,AG,27.173
"Gemeinde Murgenthal, Elektrizitätsversorgung",4279,Murgenthal,AG,39.653
EW Oftringen AG,4280,Oftringen,AG,26.103
Eniwa AG,4281,Reitnau,AG,27.173
EW Rothrist AG,4282,Rothrist,AG,27.497
AEW Energie AG,4283,Safenwil,AG,27.892
Eniwa AG,4284,Staffelbach,AG,27.173
StWZ Energie AG,4285,Strengelbach,AG,31.707
AEW Energie AG,4286,Uerkheim,AG,27.892
EW Rothrist AG,4287,Vordemwald,AG,27.497
Eniwa AG,4288,Wiliberg,AG,27.173
StWZ Energie AG,4289,Zofingen,AG,31.507
Elektra Böttstein,4303,Böttstein,AG,30.017
AEW Energie AG,4304,Döttingen,AG,27.78
AEW Energie AG,4305,Endingen,AG,27.892
AEW Energie AG,4306,Fisibach,AG,27.892
Elektra Mettauertal und Umgebung Genossenschaft (EMU),4307,Full-Reuenthal,AG,28.073
AEW Energie AG,4309,Klingnau,AG,28.03
AEW Energie AG,4310,Koblenz,AG,27.892
Elektra Genossenschaft Leibstadt,4311,Leibstadt,AG,24.247
AEW Energie AG,4312,Lengnau (AG),AG,27.892
Elektra Mettauertal und Umgebung Genossenschaft (EMU),4313,Leuggern,AG,28.073
Elektragenossenschaft Mellikon,4314,Mellikon,AG,29.887
AEW Energie AG,4318,Schneisingen,AG,27.892
Elektra-Genossenschaft Siglistorf-Wislikofen-Mellstorf,4319,Siglistorf,AG,29.431
AEW Energie AG,4320,Tegerfelden,AG,27.892
Elektra Genossenschaft Kaiserstuhl,4324,Zurzach,AG,32.837
Arbon Energie AG,4401,Arbon,TG,29.292
Genossenschaft Elektrizitäts- und Wasserwerk Dozwil,4406,Dozwil,TG,28.563
Elektra Steinebrunn,4411,Egnach,TG,30.897
Genossenschaft Elektra Hatswil,4416,Hefenhofen,TG,36.288
Elektra Horn AG,4421,Horn,TG,26.993
Elektra Kesswil,4426,Kesswil,TG,29.697
Genossenschaft Elektra Roggwil-Freidorf,4431,Roggwil (TG),TG,29.78
Genossenschaft EW Romanshorn,4436,Romanshorn,TG,24.93
Genossenschaft EW Romanshorn,4441,Salmsach,TG,24.93
Elektra-Genossenschaft Sommeri,4446,Sommeri,TG,31.539
Genossenschaft EW Romanshorn,4451,Uttwil,TG,24.93
Regio Energie Amriswil (REA),4461,Amriswil,TG,29.43
Technische Gemeindebetriebe Bischofszell,4471,Bischofszell,TG,41.365
"Gemeinde Erlen, Elektrizitätsversorgung",4476,Erlen,TG,34.93
Technische Gemeindebetriebe Bischofszell,4486,Hauptwil-Gottshaus,TG,41.365
Technische Gemeindebetriebe Bischofszell,4495,Hohentannen,TG,41.365
"Politische Gemeinde Kradolf-Schönenberg, Elektrizität",4501,Kradolf-Schönenberg,TG,32.897
"Gemeinde Sulgen, Elektrizitätsversorgung",4506,Sulgen,TG,30.127
Technische Gemeindebetriebe Bischofszell,4511,Zihlschlacht-Sitterdorf,TG,41.365
"Politische Gemeinde Basadingen-Schlattingen , Elektrizität",4536,Basadingen-Schlattingen,TG,29.027
"Gemeinde Diessenhofen, Elektrizitätsversorgung",4545,Diessenhofen,TG,26.043
"Politische Gemeinde Schlatt, Elektrizitätversorgung",4546,Schlatt (TG),TG,32.47
Elektrizitätswerk Aadorf,4551,Aadorf,TG,32.01
"Politische Gemeinde Felben-Wellhausen, Elektrizitätsversorgung",4561,Felben-Wellhausen,TG,29.078
Thurplus,4566,Frauenfeld,TG,29.493
"Politische Gemeinde Gachnang, Elektrizitätversorgung",4571,Gachnang,TG,27.822
"Politische Gemeinde Hüttlingen, Elektrizitätswerk",4590,Hüttlingen,TG,36.552
Werkbetrieb der Dorfgemeinde Matzingen,4591,Matzingen,TG,24.297
"Politische Gemeinde Neunforn, Elektrizitätsversorgung",4601,Neunforn,TG,31.52
LST Energie AG,4606,Stettfurt,TG,33.247
LST Energie AG,4611,Thundorf,TG,33.247
"Politische Gemeinde Uesslingen-Buch, Elektrizitätswerk",4616,Uesslingen-Buch,TG,36.13
"Gemeinde Warth-Weiningen, Elektrizitätsversorgung",4621,Warth-Weiningen,TG,29.897
"Politische Gemeinde Altnau, Elektrizitätsversorgung",4641,Altnau,TG,25.507
"Politische Gemeinde Bottighofen, Elektrizitätsversorgung",4643,Bottighofen,TG,30.797
"Einheitsgemeinde Ermatingen, Elektrizitätsversorgung",4646,Ermatingen,TG,29.763
"Politische Gemeinde Gottlieben, Elektrizitätsversorgung",4651,Gottlieben,TG,32.063
"Gemeinde Güttingen, Elektrizitätswerk",4656,Güttingen,TG,34.31
"Technische Betriebe Kemmental, Stromverkauf",4666,Kemmental,TG,36.28
"Energie Kreuzlingen, Stadt Kreuzlingen",4671,Kreuzlingen,TG,28.88
Elektrizitaetswerk Langrickenbach,4681,Langrickenbach,TG,33.363
"Politische Gemeinde Lengwil, Elektrizitätswerk",4683,Lengwil,TG,38.367
"Polit. Gemeinde Münsterlingen, Elektra",4691,Münsterlingen,TG,28.613
"Politische Gemeinde Tägerwilen, Elektrizitätswerk",4696,Tägerwilen,TG,29.03
"Politische Gemeinde Wäldi, Werkbetrieb",4701,Wäldi,TG,34.03
"Technische Werke der Politischen Gemeinde Affeltrangen, Abwasserentsorgung",4711,Affeltrangen,TG,28.395
"Politische Gemeinde Bettwiesen, Elektra",4716,Bettwiesen,TG,32.83
Genossenschaft Werk Bichelsee-Balterswil,4721,Bichelsee-Balterswil,TG,28.83
"Politische Gemeinde Braunau, Elektrizitätsversorgung",4723,Braunau,TG,38.713
"Gemeinde Eschlikon, Elektrizitätswerk",4724,Eschlikon,TG,29.68
Genossenschaft Energie Fischingen,4726,Fischingen,TG,32.23
LST Energie AG,4741,Lommis,TG,33.247
Genossenschaft EW Münchwilen (EWM),4746,Münchwilen (TG),TG,28.761
Politische Gemeinde Rickenbach TG Elektrizitätsversorgung,4751,Rickenbach (TG),TG,35.277
Elektra-Genossenschaft Schönholzerswilen,4756,Schönholzerswilen,TG,29.23
EW Sirnach AG,4761,Sirnach,TG,29.375
"Politische Gemeinde Tobel-Tägerschen, Elektrizitätsversorgung",4776,Tobel-Tägerschen,TG,33.005
"Munizipalgemeinde Wängi, Elektrititätswerk",4781,Wängi,TG,28.155
"Politische Gemeinde Wilen b. Wil, Elektrizitätsversorgung",4786,Wilen (TG),TG,35.53
"Gemeinde Wuppenau, Elektrizitätsversorgung",4791,Wuppenau,TG,30.807
"Politische Gemeinde Berlingen, Elektizitätsversorgung",4801,Berlingen,TG,30.56
"Politische Gemeinde Eschenz, Elektrizitätswerk",4806,Eschenz,TG,27.724
"Politische Gemeinde Herdern Abwasser, Wasser- & Elektragen. Technische Werke",4811,Herdern,TG,32.43
Elektra-Genossenschaft Homburg,4816,Homburg,TG,28.679
"Politische Gemeinde Hüttwilen, Elektrizitätswerk",4821,Hüttwilen,TG,28.13
"Politische Gemeinde Mammern, Elektrizität",4826,Mammern,TG,28.95
"Einheitsgemeinde Müllheim, Elektrizitätsversorgung",4831,Müllheim,TG,35.63
Politische Gemeinde Pfyn,4841,Pfyn,TG,28.563
"Einheitsgemeinde Raperswilen, Elektrizität",4846,Raperswilen,TG,33.0
"Gemeinde Salenstein, Stromversorgung",4851,Salenstein,TG,35.113
Politische Gemeinde Steckborn,4864,Steckborn,TG,26.943
"Gemeinde Wagenhausen, Elektrizitätsversorgung",4871,Wagenhausen,TG,28.097
"Gemeinde Amlikon-Bissegg, Stromversorgung",4881,Amlikon-Bissegg,TG,29.03
"Technische Gemeindebetriebe Berg, Gas-Strom-Und Wasserverteilung",4891,Berg (TG),TG,33.072
"Politische Gemeinde Birwinken, Elektrizitätsversorgung",4901,Birwinken,TG,29.73
"Politische Gemeinde Bürglen TG, Elektrizitätsversorgung",4911,Bürglen (TG),TG,32.28
"Politische Gemeinde Bussnang, Elektrizitätsversorgung",4921,Bussnang,TG,25.463
"Politische Gemeinde Märstetten, Elektrizitätsversorgung",4941,Märstetten,TG,32.177
Technische Betriebe Weinfelden AG,4946,Weinfelden,TG,31.926
"Politische Gemeinde Wigoltingen, Elektrizitätswerk",4951,Wigoltingen,TG,31.563
Azienda Multiservizi Bellinzona (AMB),5001,Arbedo-Castione,TI,24.226
Azienda Multiservizi Bellinzona (AMB),5002,Bellinzona,TI,24.226
Azienda Multiservizi Bellinzona (AMB),5003,Cadenazzo,TI,24.226
AZIENDA ELETTRICA DI MASSAGNO (AEM) SA,5009,Isone,TI,29.702
Azienda Multiservizi Bellinzona (AMB),5010,Lumino,TI,24.226
Azienda Multiservizi Bellinzona (AMB),5017,Sant'Antonino,TI,24.226
Società Elettrica Sopracenerina SA (Ticino),5048,Acquarossa,TI,29.952
Società Elettrica Sopracenerina SA (Ticino),5049,Blenio,TI,29.952
Società Elettrica Sopracenerina SA (Ticino),5050,Serravalle,TI,29.952
Azienda energia comunale,5061,Airolo,TI,25.545
"Azienda Elettrica Comunale Bedretto, Commercio Energia Elettrica",5063,Bedretto,TI,26.761
Società Elettrica Sopracenerina SA (Ticino),5064,Bodio,TI,29.952
Società Elettrica Sopracenerina SA (Ticino),5071,Dalpe,TI,29.952
Cooperativa Elettrica di Faido (CEF),5072,Faido,TI,28.325
Società Elettrica Sopracenerina SA (Ticino),5073,Giornico,TI,29.952
Società Elettrica Sopracenerina SA (Ticino),5076,Personico,TI,29.952
Società Elettrica Sopracenerina SA (Ticino),5077,Pollegio,TI,29.952
Società Elettrica Sopracenerina SA (Ticino),5078,Prato (Leventina),TI,29.952
Società Elettrica Sopracenerina SA (Ticino),5079,Quinto,TI,29.952
"Comune di Ascona, Azienda Elettrica Comunale",5091,Ascona,TI,28.34
Società Elettrica Sopracenerina SA (Ticino),5096,Brione sopra Minusio,TI,29.952
Società Elettrica Sopracenerina SA (Ticino),5097,Brissago,TI,29.952
Società Elettrica Sopracenerina SA (Ticino),5108,Gordola,TI,29.952
Società Elettrica Sopracenerina SA (Ticino),5112,Lavertezzo,TI,29.952
Società Elettrica Sopracenerina SA (Ticino),5113,Locarno,TI,29.952
Società Elettrica Sopracenerina SA (Ticino),5115,Losone,TI,29.952
Società Elettrica Sopracenerina SA (Ticino),5117,Mergoscia,TI,29.952
Società Elettrica Sopracenerina SA (Ticino),5118,Minusio,TI,29.952
Società Elettrica Sopracenerina SA (Ticino),5120,Muralto,TI,29.952
Società Elettrica Sopracenerina SA (Ticino),5121,Orselina,TI,29.952
Società Elettrica Sopracenerina SA (Ticino),5125,Ronco sopra Ascona,TI,29.952
Società Elettrica Sopracenerina SA (Ticino),5131,Tenero-Contra,TI,29.952
Società Elettrica Sopracenerina SA (Ticino),5136,Onsernone,TI,29.952
Società Elettrica Sopracenerina SA (Ticino),5138,Cugnasco-Gerra,TI,29.952
Aziende Industriali di Lugano (AIL) SA,5141,Agno,TI,25.133
Aziende Industriali di Lugano (AIL) SA,5143,Aranno,TI,25.133
Aziende Industriali di Lugano (AIL) SA,5144,Arogno,TI,25.133
Aziende Industriali di Lugano (AIL) SA,5146,Astano,TI,25.133
Aziende Industriali di Lugano (AIL) SA,5148,Bedano,TI,25.133
Aziende Industriali di Lugano (AIL) SA,5149,Bedigliora,TI,25.133
Aziende Industriali di Lugano (AIL) SA,5151,Bioggio,TI,25.133
Aziende Industriali di Lugano (AIL) SA,5154,Bissone,TI,25.133
Aziende Industriali di Lugano (AIL) SA,5160,Brusino Arsizio,TI,25.133
Aziende Industriali di Lugano (AIL) SA,5161,Cademario,TI,25.133
Aziende Industriali di Lugano (AIL) SA,5162,Cadempino,TI,25.133
Aziende Industriali di Lugano (AIL) SA,5167,Canobbio,TI,25.133
Aziende Industriali di Lugano (AIL) SA,5171,Caslano,TI,25.133
Aziende Industriali di Lugano (AIL) SA,5176,Comano,TI,25.133
Aziende Industriali di Lugano (AIL) SA,5180,Cureglia,TI,25.133
Aziende Industriali di Lugano (AIL) SA,5181,Curio,TI,25.133
Aziende Industriali di Lugano (AIL) SA,5186,Grancia,TI,25.133
Aziende Industriali di Lugano (AIL) SA,5187,Gravesano,TI,25.133
Aziende Industriali di Lugano (AIL) SA,5189,Lamone,TI,25.133
Aziende Industriali di Lugano (AIL) SA,5192,Lugano,TI,25.133
Aziende Industriali di Lugano (AIL) SA,5193,Magliaso,TI,25.133
Aziende Industriali di Lugano (AIL) SA,5194,Manno,TI,25.133
AZIENDA ELETTRICA DI MASSAGNO (AEM) SA,5196,Massagno,TI,29.702
Aziende Industriali di Lugano (AIL) SA,5198,Melide,TI,25.133
Aziende Industriali di Lugano (AIL) SA,5199,Mezzovico-Vira,TI,25.133
Aziende Industriali di Lugano (AIL) SA,5200,Miglieglia,TI,25.133
Aziende Industriali di Lugano (AIL) SA,5203,Morcote,TI,25.133
Aziende Industriali di Lugano (AIL) SA,5205,Muzzano,TI,25.133
Aziende Industriali di Lugano (AIL) SA,5206,Neggio,TI,25.133
Aziende Industriali di Lugano (AIL) SA,5207,Novaggio,TI,25.133
Aziende Industriali di Lugano (AIL) SA,5208,Origlio,TI,25.133
Aziende Industriali di Lugano (AIL) SA,5210,Paradiso,TI,25.133
Aziende Industriali di Lugano (AIL) SA,5212,Ponte Capriasca,TI,25.133
Aziende Industriali di Lugano (AIL) SA,5214,Porza,TI,25.133
Aziende Industriali di Lugano (AIL) SA,5216,Pura,TI,25.133
Aziende Industriali di Lugano (AIL) SA,5221,Savosa,TI,25.133
Aziende Industriali di Lugano (AIL) SA,5225,Sorengo,TI,25.133
AZIENDA ELETTRICA DI MASSAGNO (AEM) SA,5226,Capriasca,TI,29.702
Aziende Industriali di Lugano (AIL) SA,5227,Torricella-Taverne,TI,25.133
Aziende Industriali di Lugano (AIL) SA,5230,Vernate,TI,25.133
Aziende Industriali di Lugano (AIL) SA,5231,Vezia,TI,25.133
Aziende Industriali di Lugano (AIL) SA,5233,Vico Morcote,TI,25.133
Aziende Industriali di Lugano (AIL) SA,5236,Collina d'Oro,TI,25.133
Aziende Industriali di Lugano (AIL) SA,5237,Alto Malcantone,TI,25.133
Aziende Industriali di Lugano (AIL) SA,5238,Monteceneri,TI,25.133
Aziende Industriali di Lugano (AIL) SA,5239,Tresa,TI,25.133
Aziende Industriali di Lugano (AIL) SA,5240,Val Mara,TI,25.133
AGE SA,5242,Balerna,TI,28.069
Aziende Industriali di Lugano (AIL) SA,5249,Castel San Pietro,TI,25.133
AGE SA,5250,Chiasso,TI,28.069
Aziende Industriali di Lugano (AIL) SA,5251,Coldrerio,TI,25.133
"Aziende Industriali Mendrisio, Sezione Elettricità",5254,Mendrisio,TI,30.413
AGE SA,5257,Morbio Inferiore,TI,28.069
Aziende Industriali di Lugano (AIL) SA,5260,Novazzano,TI,25.133
Aziende Industriali di Lugano (AIL) SA,5263,Riva San Vitale,TI,25.133
"Comune di Stabio, Elettrica",5266,Stabio,TI,26.144
AGE SA,5268,Vacallo,TI,28.069
Aziende Industriali di Lugano (AIL) SA,5269,Breggia,TI,25.133
Società Elettrica Sopracenerina SA (Ticino),5281,Biasca,TI,29.952
Società Elettrica Sopracenerina SA (Ticino),5287,Riviera,TI,29.952
Società Elettrica Sopracenerina SA (Ticino),5304,Bosco/Gurin,TI,29.952
Società Elettrica Sopracenerina SA (Ticino),5307,Campo (Vallemaggia),TI,29.952
Società Elettrica Sopracenerina SA (Ticino),5309,Cerentino,TI,29.952
Società Elettrica Sopracenerina SA (Ticino),5310,Cevio,TI,29.952
Società Elettrica Sopracenerina SA (Ticino),5315,Linescio,TI,29.952
Società Elettrica Sopracenerina SA (Ticino),5317,Maggia,TI,29.952
Società Elettrica Sopracenerina SA (Ticino),5323,Lavizzara,TI,29.952
Società Elettrica Sopracenerina SA (Ticino),5324,Avegno Gordevio,TI,29.952
Società Elettrica Sopracenerina SA (Ticino),5396,Terre di Pedemonte,TI,29.952
Società Elettrica Sopracenerina SA (Ticino),5397,Centovalli,TI,29.952
Società Elettrica Sopracenerina SA (Ticino),5398,Gambarogno,TI,30.397
Società Elettrica Sopracenerina SA (Ticino),5399,Verzasca,TI,29.952
Romande Energie SA,5401,Aigle,VD,30.616
Forces Motrices de l'Avançon SA,5402,Bex,VD,30.796
Romande Energie SA,5403,Chessel,VD,29.316
Romande Energie SA,5404,Corbeyrier,VD,30.016
Forces Motrices de l'Avançon SA,5405,Gryon,VD,30.796
Forces Motrices de l'Avançon SA,5406,Lavey-Morcles,VD,30.796
Romande Energie SA,5407,Leysin,VD,30.016
Romande Energie SA,5408,Noville,VD,30.016
Forces Motrices de l'Avançon SA,5409,Ollon,VD,30.816
Romande Energie SA,5410,Ormont-Dessous,VD,30.416
Romande Energie SA,5411,Ormont-Dessus,VD,30.216
Romande Energie SA,5412,Rennaz,VD,30.016
Romande Energie SA,5413,Roche (VD),VD,30.216
Romande Energie SA,5414,Villeneuve (VD),VD,30.416
Romande Energie SA,5415,Yvorne,VD,30.716
Société Electrique des Forces de l'Aubonne SA (SEFA),5422,Aubonne,VD,34.785
Romande Energie SA,5423,Ballens,VD,30.016
Romande Energie SA,5424,Berolle,VD,30.016
Société Electrique des Forces de l'Aubonne SA (SEFA),5425,Bière,VD,34.785
Société Electrique des Forces de l'Aubonne SA (SEFA),5426,Bougy-Villars,VD,34.085
Société Electrique des Forces de l'Aubonne SA (SEFA),5427,Féchy,VD,34.085
Romande Energie SA,5428,Gimel,VD,30.016
Romande Energie SA,5429,Longirod,VD,29.316
Romande Energie SA,5430,Marchissy,VD,29.316
Romande Energie SA,5431,Mollens (VD),VD,30.016
Romande Energie SA,5434,Saint-George,VD,29.316
Société Electrique des Forces de l'Aubonne SA (SEFA),5435,Saint-Livres,VD,34.781
Romande Energie SA,5436,Saint-Oyens,VD,30.016
Romande Energie SA,5437,Saubraz,VD,30.016
Groupe E SA,5451,Avenches,VD,28.603
Groupe E SA,5456,Cudrefin,VD,27.903
Groupe E SA,5458,Faoug,VD,28.603
Groupe E SA,5464,Vully-les-Lacs,VD,28.603
Romande Energie SA,5471,Bettens,VD,29.516
Romande Energie SA,5472,Bournens,VD,29.316
Romande Energie SA,5473,Boussens,VD,29.316
Romande Energie SA,5474,La Chaux (Cossonay),VD,29.316
Romande Energie SA,5475,Chavannes-le-Veyron,VD,29.316
Romande Energie SA,5476,Chevilly,VD,30.016
Romande Energie SA,5477,Cossonay,VD,30.316
Romande Energie SA,5479,Cuarnens,VD,30.016
Romande Energie SA,5480,Daillens,VD,30.016
Romande Energie SA,5481,Dizy,VD,30.016
Romande Energie SA,5482,Eclépens,VD,30.016
Romande Energie SA,5483,Ferreyres,VD,30.316
Romande Energie SA,5484,Gollion,VD,30.016
Romande Energie SA,5485,Grancy,VD,29.316
Romande Energie SA,5486,L'Isle,VD,30.016
Romande Energie SA,5487,Lussery-Villars,VD,30.016
Romande Energie SA,5488,Mauraz,VD,30.016
Romande Energie SA,5489,Mex (VD),VD,30.316
Romande Energie SA,5490,Moiry,VD,30.016
Romande Energie SA,5491,Mont-la-Ville,VD,30.016
Romande Energie SA,5492,Montricher,VD,30.016
Romande Energie SA,5493,Orny,VD,29.316
Romande Energie SA,5495,Penthalaz,VD,30.216
Romande Energie SA,5496,Penthaz,VD,30.016
Romande Energie SA,5497,Pompaples,VD,30.016
Romande Energie SA,5498,La Sarraz,VD,30.316
Romande Energie SA,5499,Senarclens,VD,29.316
Romande Energie SA,5501,Sullens,VD,29.316
Romande Energie SA,5503,Vufflens-la-Ville,VD,30.016
Romande Energie SA,5511,Assens,VD,30.016
Romande Energie SA,5512,Bercher,VD,30.066
Romande Energie SA,5514,Bottens,VD,30.016
Romande Energie SA,5515,Bretigny-sur-Morrens,VD,29.316
Romande Energie SA,5516,Cugy (VD),VD,30.016
Romande Energie SA,5518,Echallens,VD,29.316
Romande Energie SA,5520,Essertines-sur-Yverdon,VD,29.316
Romande Energie SA,5521,Etagnières,VD,30.016
Romande Energie SA,5522,Fey,VD,29.316
Romande Energie SA,5523,Froideville,VD,30.016
Romande Energie SA,5527,Morrens (VD),VD,30.016
Romande Energie SA,5529,Oulens-sous-Echallens,VD,29.316
Romande Energie SA,5530,Pailly,VD,29.316
Romande Energie SA,5531,Penthéréaz,VD,30.016
Romande Energie SA,5533,Poliez-Pittet,VD,29.316
Romande Energie SA,5534,Rueyres,VD,30.716
Romande Energie SA,5535,Saint-Barthélemy (VD),VD,29.316
Romande Energie SA,5537,Villars-le-Terroir,VD,29.316
Romande Energie SA,5539,Vuarrens,VD,30.016
Romande Energie SA,5540,Montilliez,VD,29.316
Romande Energie SA,5541,Goumoëns,VD,29.316
Romande Energie SA,5551,Bonvillars,VD,30.016
Romande Energie SA,5552,Bullet,VD,30.016
Romande Energie SA,5553,Champagne,VD,30.016
Romande Energie SA,5554,Concise,VD,30.016
Romande Energie SA,5555,Corcelles-près-Concise,VD,30.016
Romande Energie SA,5556,Fiez,VD,30.016
Romande Energie SA,5557,Fontaines-sur-Grandson,VD,30.016
Romande Energie SA,5559,Giez,VD,30.316
Romande Energie SA,5560,Grandevent,VD,29.316
Romande Energie SA,5561,Grandson,VD,30.316
Romande Energie SA,5562,Mauborget,VD,29.316
Romande Energie SA,5563,Mutrux,VD,29.316
Romande Energie SA,5564,Novalles,VD,29.316
Romande Energie SA,5565,Onnens (VD),VD,30.016
Romande Energie SA,5566,Provence,VD,29.316
Romande Energie SA,5568,Sainte-Croix,VD,30.016
Romande Energie SA,5571,Tévenon,VD,30.016
"Commune de Belmont, Electricité",5581,Belmont-sur-Lausanne,VD,36.037
Romande Energie SA,5582,Cheseaux-sur-Lausanne,VD,30.266
SIE SA,5583,Crissier,VD,30.881
Services Industriels de Lausanne,5584,Epalinges,VD,28.103
Services Industriels de Lausanne,5585,Jouxtens-Mézery,VD,26.203
Services Industriels de Lausanne,5586,Lausanne,VD,30.503
Services Industriels de Lausanne,5587,Le Mont-sur-Lausanne,VD,28.103
"Commune de Paudex, Electricité",5588,Paudex,VD,23.469
Services Industriels de Lausanne,5589,Prilly,VD,27.703
"Service Industriel de la Commune, Pully",5590,Pully,VD,32.841
SIE SA,5591,Renens (VD),VD,32.381
Romande Energie SA,5592,Romanel-sur-Lausanne,VD,31.216
Romande Energie SA,5601,Chexbres,VD,30.016
Romande Energie SA,5604,Forel (Lavaux),VD,29.316
Romande Energie SA,5606,Lutry,VD,30.716
Romande Energie SA,5607,Puidoux,VD,30.016
Romande Energie SA,5609,Rivaz,VD,30.016
Romande Energie SA,5610,Saint-Saphorin (Lavaux),VD,30.016
Romande Energie SA,5611,Savigny,VD,29.316
Romande Energie SA,5613,Bourg-en-Lavaux,VD,30.016
Romande Energie SA,5621,Aclens,VD,30.016
Romande Energie SA,5622,Bremblens,VD,29.316
Romande Energie SA,5623,Buchillon,VD,29.316
Romande Energie SA,5624,Bussigny,VD,30.716
SIE SA,5627,Chavannes-près-Renens,VD,31.081
Romande Energie SA,5628,Chigny,VD,30.016
Romande Energie SA,5629,Clarmont,VD,29.316
Romande Energie SA,5631,Denens,VD,29.316
Romande Energie SA,5632,Denges,VD,30.016
Romande Energie SA,5633,Echandens,VD,29.316
Romande Energie SA,5634,Echichens,VD,29.316
SIE SA,5635,Ecublens (VD),VD,31.331
Société Electrique des Forces de l'Aubonne SA (SEFA),5636,Etoy,VD,34.781
Romande Energie SA,5637,Lavigny,VD,30.016
Romande Energie SA,5638,Lonay,VD,29.316
Romande Energie SA,5639,Lully (VD),VD,29.316
Romande Energie SA,5640,Lussy-sur-Morges,VD,29.316
Romande Energie SA,5642,Morges,VD,30.266
Romande Energie SA,5643,Préverenges,VD,30.016
Romande Energie SA,5645,Romanel-sur-Morges,VD,30.016
Romande Energie SA,5646,Saint-Prex,VD,29.316
Services Industriels de Lausanne,5648,Saint-Sulpice (VD),VD,27.903
Romande Energie SA,5649,Tolochenaz,VD,30.016
Romande Energie SA,5650,Vaux-sur-Morges,VD,29.316
Romande Energie SA,5651,Villars-Sainte-Croix,VD,30.016
Romande Energie SA,5652,Villars-sous-Yens,VD,29.316
Romande Energie SA,5653,Vufflens-le-Château,VD,29.316
Romande Energie SA,5654,Vullierens,VD,30.016
Romande Energie SA,5655,Yens,VD,29.316
Romande Energie SA,5656,Hautemorges,VD,30.016
Romande Energie SA,5661,Boulens,VD,29.316
Romande Energie SA,5663,Bussy-sur-Moudon,VD,29.316
Romande Energie SA,5665,Chavannes-sur-Moudon,VD,29.316
Romande Energie SA,5669,Curtilles,VD,30.016
Romande Energie SA,5671,Dompierre (VD),VD,29.316
Romande Energie SA,5673,Hermenches,VD,29.316
Romande Energie SA,5674,Lovatens,VD,30.016
Romande Energie SA,5675,Lucens,VD,30.016
Romande Energie SA,5678,Moudon,VD,30.016
Romande Energie SA,5680,Ogens,VD,30.016
Romande Energie SA,5683,Prévonloup,VD,29.316
Romande Energie SA,5684,Rossenges,VD,29.316
Romande Energie SA,5688,Syens,VD,29.316
Romande Energie SA,5690,Villars-le-Comte,VD,29.316
Romande Energie SA,5692,Vucherens,VD,29.616
Romande Energie SA,5693,Montanaire,VD,30.016
Romande Energie SA,5701,Arnex-sur-Nyon,VD,29.316
Romande Energie SA,5702,Arzier-Le Muids,VD,30.016
Romande Energie SA,5703,Bassins,VD,30.016
Société Electrique Intercommunale de la Côte SA,5704,Begnins,VD,30.439
Romande Energie SA,5705,Bogis-Bossey,VD,30.016
Romande Energie SA,5706,Borex,VD,30.016
Romande Energie SA,5707,Chavannes-de-Bogis,VD,30.016
Romande Energie SA,5708,Chavannes-des-Bois,VD,29.316
Romande Energie SA,5709,Chéserex,VD,29.316
Société Electrique Intercommunale de la Côte SA,5710,Coinsins,VD,30.039
Romande Energie SA,5711,Commugny,VD,29.316
Romande Energie SA,5712,Coppet,VD,30.016
Romande Energie SA,5713,Crans (VD),VD,30.016
Romande Energie SA,5714,Crassier,VD,30.016
Société Electrique Intercommunale de la Côte SA,5715,Duillier,VD,30.039
Romande Energie SA,5716,Eysins,VD,31.016
Romande Energie SA,5717,Founex,VD,30.016
Romande Energie SA,5718,Genolier,VD,30.016
Romande Energie SA,5719,Gingins,VD,29.316
Romande Energie SA,5720,Givrins,VD,29.316
Société Electrique Intercommunale de la Côte SA,5721,Gland,VD,31.639
Romande Energie SA,5722,Grens,VD,30.016
Romande Energie SA,5723,Mies,VD,30.016
Services industriels de la Ville de Nyon,5724,Nyon,VD,33.202
Société Electrique Intercommunale de la Côte SA,5725,Prangins,VD,30.039
Romande Energie SA,5726,La Rippe,VD,29.316
Romande Energie SA,5727,Saint-Cergue,VD,30.016
Romande Energie SA,5728,Signy-Avenex,VD,30.016
Romande Energie SA,5729,Tannay,VD,29.316
Romande Energie SA,5730,Trélex,VD,29.316
Romande Energie SA,5731,Le Vaud,VD,29.316
Société Electrique Intercommunale de la Côte SA,5732,Vich,VD,30.039
Romande Energie SA,5741,L'Abergement,VD,30.016
Romande Energie SA,5742,Agiez,VD,30.016
Romande Energie SA,5743,Arnex-sur-Orbe,VD,30.016
VOé distribution SA,5744,Ballaigues,VD,35.252
Romande Energie SA,5745,Baulmes,VD,30.016
Romande Energie SA,5746,Bavois,VD,30.016
Romande Energie SA,5747,Bofflens,VD,30.016
Romande Energie SA,5748,Bretonnières,VD,30.016
Romande Energie SA,5749,Chavornay,VD,30.016
Romande Energie SA,5750,Les Clées,VD,30.016
Romande Energie SA,5752,Croy,VD,30.016
Romande Energie SA,5754,Juriens,VD,30.016
VOé distribution SA,5755,Lignerolle,VD,34.552
VOé distribution SA,5756,Montcherand,VD,35.252
VOé distribution SA,5757,Orbe,VD,35.282
Romande Energie SA,5758,La Praz,VD,30.016
Romande Energie SA,5759,Premier,VD,30.016
Romande Energie SA,5760,Rances,VD,29.316
Romande Energie SA,5761,Romainmôtier-Envy,VD,30.016
Romande Energie SA,5762,Sergey,VD,29.316
Romande Energie SA,5763,Valeyres-sous-Rances,VD,30.016
VOé distribution SA,5764,Vallorbe,VD,35.252
VOé distribution SA,5765,Vaulion,VD,35.252
Romande Energie SA,5766,Vuiteboeuf,VD,30.016
Romande Energie SA,5785,Corcelles-le-Jorat,VD,29.316
Groupe E SA,5790,Maracon,VD,28.603
Romande Energie SA,5792,Montpreveyres,VD,30.016
Romande Energie SA,5798,Ropraz,VD,29.316
Romande Energie SA,5799,Servion,VD,30.016
Romande Energie SA,5803,Vulliens,VD,29.316
Romande Energie SA,5804,Jorat-Menthue,VD,30.016
Romande Energie SA,5805,Oron,VD,30.016
Romande Energie SA,5806,Jorat-Mézières,VD,29.316
Romande Energie SA,5812,Champtauroz,VD,30.016
Groupe E SA,5813,Chevroux,VD,28.603
Groupe E SA,5816,Corcelles-près-Payerne,VD,28.603
Groupe E SA,5817,Grandcour,VD,28.603
Romande Energie SA,5819,Henniez,VD,30.016
Groupe E SA,5821,Missy,VD,27.903
Groupe E SA,5822,Payerne,VD,28.603
Groupe E SA,5827,Trey,VD,28.603
Romande Energie SA,5828,Treytorrens (Payerne),VD,30.016
Romande Energie SA,5830,Villarzel,VD,29.316
Romande Energie SA,5831,Valbroye,VD,30.016
Groupe E SA,5841,Château-d'Oex,VD,28.603
Groupe E SA,5842,Rossinière,VD,28.603
Groupe E SA,5843,Rougemont,VD,28.603
Société Electrique des Forces de l'Aubonne SA (SEFA),5851,Allaman,VD,34.785
Romande Energie SA,5852,Bursinel,VD,29.316
Romande Energie SA,5853,Bursins,VD,30.016
Romande Energie SA,5854,Burtigny,VD,30.016
Romande Energie SA,5855,Dully,VD,29.316
Romande Energie SA,5856,Essertines-sur-Rolle,VD,29.316
Romande Energie SA,5857,Gilly,VD,30.016
Romande Energie SA,5858,Luins,VD,30.016
Romande Energie SA,5859,Mont-sur-Rolle,VD,30.016
Romande Energie SA,5860,Perroy,VD,29.316
Romande Energie SA,5861,Rolle,VD,30.016
Romande Energie SA,5862,Tartegnin,VD,30.016
Romande Energie SA,5863,Vinzel,VD,30.016
Société Electrique de la Vallée de Joux S.A.,5871,L'Abbaye,VD,35.857
Société Electrique de la Vallée de Joux S.A.,5872,Le Chenit,VD,35.857
Société Electrique de la Vallée de Joux S.A.,5873,Le Lieu,VD,35.857
Romande Energie SA,5882,Chardonne,VD,30.516
Romande Energie SA,5883,Corseaux,VD,30.016
Romande Energie SA,5884,Corsier-sur-Vevey,VD,30.216
Romande Energie SA,5885,Jongny,VD,30.016
Romande Energie SA,5886,Montreux,VD,30.516
Romande Energie SA,5889,La Tour-de-Peilz,VD,30.316
Romande Energie SA,5890,Vevey,VD,30.866
Romande Energie SA,5891,Veytaux,VD,30.216
Romande Energie SA,5892,Blonay - Saint-Légier,VD,30.016
Romande Energie SA,5902,Belmont-sur-Yverdon,VD,29.316
Romande Energie SA,5903,Bioley-Magnoux,VD,30.016
Romande Energie SA,5904,Chamblon,VD,30.016
Romande Energie SA,5905,Champvent,VD,29.316
Romande Energie SA,5907,Chavannes-le-Chêne,VD,29.316
Romande Energie SA,5908,Chêne-Pâquier,VD,30.016
Romande Energie SA,5909,Cheseaux-Noréaz,VD,29.316
Romande Energie SA,5910,Cronay,VD,30.016
Romande Energie SA,5911,Cuarny,VD,29.316
Romande Energie SA,5912,Démoret,VD,30.016
Romande Energie SA,5913,Donneloye,VD,30.016
Romande Energie SA,5914,Ependes (VD),VD,29.316
Romande Energie SA,5919,Mathod,VD,29.316
Romande Energie SA,5921,Molondin,VD,29.316
Romande Energie SA,5922,Montagny-près-Yverdon,VD,30.016
Romande Energie SA,5923,Oppens,VD,29.316
Romande Energie SA,5924,Orges,VD,29.316
Romande Energie SA,5925,Orzens,VD,29.316
Romande Energie SA,5926,Pomy,VD,30.016
Romande Energie SA,5928,Rovray,VD,29.316
Romande Energie SA,5929,Suchy,VD,30.016
Romande Energie SA,5930,Suscévaz,VD,29.316
Romande Energie SA,5931,Treycovagnes,VD,30.016
Romande Energie SA,5932,Ursins,VD,29.316
Romande Energie SA,5933,Valeyres-sous-Montagny,VD,30.016
Romande Energie SA,5934,Valeyres-sous-Ursins,VD,29.316
Romande Energie SA,5935,Villars-Epeney,VD,29.316
Romande Energie SA,5937,Vugelles-La Mothe,VD,29.316
"Service des Energies, Commune d'Yverdon-les-Bains",5938,Yverdon-les-Bains,VD,33.394
Romande Energie SA,5939,Yvonand,VD,30.016
EnBAG Netze AG,6002,Brig-Glis,VS,28.516
VED Visp Energie Dienste AG,6004,Eggerberg,VS,24.624
EnBAG Netze AG,6007,Naters,VS,28.516
EnBAG Netze AG,6008,Ried-Brig,VS,28.516
"Gemeinde Simplon Dorf, Elektrizitätsversorgung",6009,Simplon,VS,13.433
EnBAG Netze AG,6010,Termen,VS,28.516
"Gemeinde Gondo-Zwischenberg, Stromversorgung",6011,Zwischbergen,VS,9.643
Genedis SA,6021,Ardon,VS,25.772
Genedis SA,6022,Chamoson,VS,25.772
OIKEN SA,6023,Conthey,VS,26.867
Genedis SA,6024,Nendaz,VS,25.772
OIKEN SA,6025,Vétroz,VS,26.867
DransGrid SA,6032,Bourg-Saint-Pierre,VS,29.187
DransGrid SA,6033,Liddes,VS,29.187
DransGrid SA,6034,Orsières,VS,29.187
SEDRE SA,6035,Sembrancher,VS,30.703
SEDRE SA,6037,Val de Bagnes,VS,30.423
EnBAG Netze AG,6052,Bellwald,VS,28.516
Elektrizitätsgenossenschaft Binn,6054,Binn,VS,22.377
endigo Holding AG,6056,Ernen,VS,24.387
endigo Holding AG,6057,Fiesch,VS,24.387
endigo Holding AG,6058,Fieschertal,VS,24.387
endigo Holding AG,6061,Lax,VS,24.387
Elektrizitätswerk Obergoms AG,6076,Obergoms,VS,24.867
EnBAG Netze AG,6077,Goms,VS,28.516
OIKEN SA,6082,Ayent,VS,26.867
OIKEN SA,6083,Evolène,VS,26.867
OIKEN SA,6084,Hérémence,VS,26.867
OIKEN SA,6087,Saint-Martin (VS),VS,26.867
OIKEN SA,6089,Vex,VS,26.867
OIKEN SA,6090,Mont-Noble,VS,26.867
RELL AG,6101,Agarn,VS,24.584
RELL AG,6102,Albinen,VS,24.584
RELL AG,6104,Ergisch,VS,24.584
RELL AG,6109,Inden,VS,24.584
RELL AG,6110,Leuk,VS,24.584
RELL AG,6111,Leukerbad,VS,25.584
RELL AG,6112,Oberems,VS,24.584
OIKEN SA,6113,Salgesch,VS,26.867
RELL AG,6116,Varen,VS,24.584
RELL AG,6117,Guttet-Feschel,VS,24.584
RELL AG,6118,Gampel-Bratsch,VS,24.584
RELL AG,6119,Turtmann-Unterems,VS,24.584
SEDRE SA,6131,Bovernier,VS,30.703
"Commune de Fully, Services industriels",6133,Fully,VS,31.65
Genedis SA,6134,Isérables,VS,25.772
Genedis SA,6135,Leytron,VS,25.772
Sinergy Infrastructure SA,6136,Martigny,VS,25.643
Sinergy Infrastructure SA,6137,Martigny-Combe,VS,24.843
Genedis SA,6139,Riddes,VS,25.772
Genedis SA,6140,Saillon,VS,25.772
Genedis SA,6141,Saxon,VS,25.772
Genedis SA,6142,Trient,VS,25.772
Romande Energie SA,6151,Champéry,VS,29.692
Romande Energie SA,6152,Collombey-Muraz,VS,29.692
Monthey Energies SA,6153,Monthey,VS,26.613
Romande Energie SA,6154,Port-Valais,VS,29.692
Romande Energie SA,6155,Saint-Gingolph,VS,29.692
Romande Energie SA,6156,Troistorrents,VS,28.692
Romande Energie SA,6157,Val-d'Illiez,VS,29.692
Romande Energie SA,6158,Vionnaz,VS,29.692
Romande Energie SA,6159,Vouvry,VS,29.692
EnBAG Netze AG,6172,Bister,VS,28.516
EnBAG Netze AG,6173,Bitsch,VS,28.516
EnBAG Netze AG,6177,Grengiols,VS,28.516
EnBAG Netze AG,6181,Riederalp,VS,28.516
VED Visp Energie Dienste AG,6191,Ausserberg,VS,24.624
EVTL Energieversorgung Talschaft Lötschen AG,6192,Blatten,VS,31.742
VED Visp Energie Dienste AG,6193,Bürchen,VS,24.624
"Burgergemeinde Eischoll, Elektrizitätswerk",6194,Eischoll,VS,24.442
EVTL Energieversorgung Talschaft Lötschen AG,6195,Ferden,VS,31.742
EVTL Energieversorgung Talschaft Lötschen AG,6197,Kippel,VS,31.742
VED Visp Energie Dienste AG,6198,Niedergesteln,VS,24.624
EVR Energieversorgung Raron AG,6199,Raron,VS,25.23
"Gemeinde Unterbäch VS, Elektrizitätswerk",6201,Unterbäch,VS,20.215
EVTL Energieversorgung Talschaft Lötschen AG,6202,Wiler (Lötschen),VS,31.742
EnBAG Netze AG,6203,Mörel-Filet,VS,28.516
EDSH Energiedienst Steg-Hohtenn AG,6204,Steg-Hohtenn,VS,30.229
EnBAG Netze AG,6205,Bettmeralp,VS,28.516
Services Industriels de Lausanne,6211,Collonges,VS,26.279
Genedis SA,6212,Dorénaz,VS,25.772
Genedis SA,6213,Evionnaz,VS,25.772
Genedis SA,6214,Finhaut,VS,25.772
Genedis SA,6215,Massongex,VS,25.772
Genedis SA,6217,Saint-Maurice,VS,25.772
Genedis SA,6218,Salvan,VS,25.772
Genedis SA,6219,Vernayaz,VS,25.772
Genedis SA,6220,Vérossaz,VS,25.772
OIKEN SA,6232,Chalais,VS,26.867
OIKEN SA,6235,Chippis,VS,26.867
OIKEN SA,6238,Grône,VS,26.867
OIKEN SA,6239,Icogne,VS,26.867
OIKEN SA,6240,Lens,VS,26.867
OIKEN SA,6246,Saint-Léonard,VS,26.867
OIKEN SA,6248,Sierre,VS,26.867
OIKEN SA,6252,Anniviers,VS,26.867
OIKEN SA,6253,Crans-Montana,VS,26.867
OIKEN SA,6254,Noble-Contrée,VS,26.867
OIKEN SA,6261,Arbaz,VS,26.867
OIKEN SA,6263,Grimisuat,VS,26.867
OIKEN SA,6265,Savièse,VS,26.867
OIKEN SA,6266,Sion,VS,26.867
OIKEN SA,6267,Veysonnaz,VS,26.867
VED Visp Energie Dienste AG,6281,Baltschieder,VS,24.624
"Munizipalgemeinde Eisten, Stromversorgung",6282,Eisten,VS,22.867
Genossenschaft für die Stromversorgung Kalpetran GSK,6283,Embd,VS,27.93
EVG Grächen AG,6285,Grächen,VS,29.061
VED Visp Energie Dienste AG,6286,Lalden,VS,24.624
Elektrizitätswerk Randa AG,6287,Randa,VS,17.129
"Gemeinde Saas Almagell, Stromversorgung",6288,Saas-Almagell,VS,26.353
Elektrizitätsgenossenschaft Saas-Balen (EGB),6289,Saas-Balen,VS,26.947
"Gemeinde Saas-Fee, Elektrizitätsversorgung",6290,Saas-Fee,VS,26.657
Genossenschaft Elektrizitätsversorgung Saas-Grund,6291,Saas-Grund,VS,25.727
EVN Energieversorgung Nikolai AG,6292,St. Niklaus,VS,27.615
EVWR Energiedienste Visp - Westlich Raron AG,6293,Stalden (VS),VS,23.928
EDSR Energiedienste Staldenried AG,6294,Staldenried,VS,26.183
Energie Täsch AG (ETAG),6295,Täsch,VS,22.034
"Gemeinde Törbel, Elektrizitätsversorgung",6296,Törbel,VS,25.093
VED Visp Energie Dienste AG,6297,Visp,VS,24.624
Elektrizitätswerk-Genossenschaft Riedbach,6298,Visperterminen,VS,23.498
Elektrizitätsgenossenschaft Zeneggen,6299,Zeneggen,VS,26.463
EWZ Elektrizitätswerk Zermatt AG,6300,Zermatt,VS,22.32
Eli10 SA,6404,Boudry,NE,34.513
Eli10 SA,6408,Cortaillod,NE,34.513
Groupe E SA,6413,Rochefort,NE,28.879
Eli10 SA,6416,Milvignes,NE,34.513
Groupe E SA,6417,La Grande Béroche,NE,28.879
Viteos SA,6421,La Chaux-de-Fonds,NE,28.849
Viteos SA,6422,Les Planchettes,NE,28.849
Groupe E SA,6423,La Sagne,NE,28.879
Groupe E SA,6432,La Brévine,NE,28.879
Groupe E SA,6433,Brot-Plamboz,NE,28.679
Groupe E SA,6434,Le Cerneux-Péquignot,NE,28.879
Groupe E SA,6435,La Chaux-du-Milieu,NE,28.879
Société des Forces Électriques de La Goule SA,6436,Le Locle,NE,30.527
Groupe E SA,6437,Les Ponts-de-Martel,NE,28.809
Groupe E SA,6451,Cornaux,NE,28.179
Groupe E SA,6452,Cressier (NE),NE,28.879
Viteos SA,6454,Hauterive (NE),NE,28.849
Eli10 SA,6455,Le Landeron,NE,34.513
Groupe E SA,6456,Lignières,NE,28.879
Groupe E SA,6458,Neuchâtel,NE,28.879
Groupe E SA,6487,Val-de-Ruz,NE,28.879
Groupe E SA,6504,La Côte-aux-Fées,NE,28.879
Groupe E SA,6511,Les Verrières,NE,28.879
Groupe E SA,6512,Val-de-Travers,NE,28.879
Eli10 SA,6513,Laténa,NE,33.513
Services industriels de Genève,6601,Aire-la-Ville,GE,24.88
Services industriels de Genève,6602,Anières,GE,24.88
Services industriels de Genève,6603,Avully,GE,24.88
Services industriels de Genève,6604,Avusy,GE,24.88
Services industriels de Genève,6605,Bardonnex,GE,24.88
Services industriels de Genève,6606,Bellevue,GE,24.88
Services industriels de Genève,6607,Bernex,GE,24.88
Services industriels de Genève,6608,Carouge (GE),GE,24.88
Services industriels de Genève,6609,Cartigny,GE,24.88
Romande Energie SA,6610,Céligny,GE,28.692
Services industriels de Genève,6611,Chancy,GE,24.88
Services industriels de Genève,6612,Chêne-Bougeries,GE,24.88
Services industriels de Genève,6613,Chêne-Bourg,GE,24.88
Services industriels de Genève,6614,Choulex,GE,24.88
Services industriels de Genève,6615,Collex-Bossy,GE,24.88
Services industriels de Genève,6616,Collonge-Bellerive,GE,24.88
Services industriels de Genève,6617,Cologny,GE,24.88
Services industriels de Genève,6618,Confignon,GE,24.88
Services industriels de Genève,6619,Corsier (GE),GE,24.88
Services industriels de Genève,6620,Dardagny,GE,24.88
Services industriels de Genève,6621,Genève,GE,24.88
Services industriels de Genève,6622,Genthod,GE,24.88
Services industriels de Genève,6623,Le Grand-Saconnex,GE,24.88
Services industriels de Genève,6624,Gy,GE,24.88
Services industriels de Genève,6625,Hermance,GE,24.88
Services industriels de Genève,6626,Jussy,GE,24.88
Services industriels de Genève,6627,Laconnex,GE,24.88
Services industriels de Genève,6628,Lancy,GE,24.88
Services industriels de Genève,6629,Meinier,GE,24.88
Services industriels de Genève,6630,Meyrin,GE,24.88
Services industriels de Genève,6631,Onex,GE,24.88
Services industriels de Genève,6632,Perly-Certoux,GE,24.88
Services industriels de Genève,6633,Plan-les-Ouates,GE,24.88
Services industriels de Genève,6634,Pregny-Chambésy,GE,24.88
Services industriels de Genève,6635,Presinge,GE,24.88
Services industriels de Genève,6636,Puplinge,GE,24.88
Services industriels de Genève,6637,Russin,GE,24.88
Services industriels de Genève,6638,Satigny,GE,24.88
Services industriels de Genève,6639,Soral,GE,24.88
Services industriels de Genève,6640,Thônex,GE,24.88
Services industriels de Genève,6641,Troinex,GE,24.88
Services industriels de Genève,6642,Vandoeuvres,GE,24.88
Services industriels de Genève,6643,Vernier,GE,24.88
Services industriels de Genève,6644,Versoix,GE,24.88
Services industriels de Genève,6645,Veyrier,GE,24.88
BKW Energie AG,6702,Boécourt,JU,27.896
BKW Energie AG,6703,Bourrignon,JU,27.896
BKW Energie AG,6704,Châtillon (JU),JU,27.896
"Commune de Courchapoix, electricite",6706,Courchapoix,JU,34.905
BKW Energie AG,6708,Courrendlin,JU,28.096
BKW Energie AG,6709,Courroux,JU,27.896
BKW Energie AG,6710,Courtételle,JU,27.896
Services industriels de Delémont,6711,Delémont,JU,29.69
"Commune de Develier, service éléctrique",6712,Develier,JU,31.295
BKW Energie AG,6713,Ederswiler,JU,27.896
BKW Energie AG,6715,Mervelier,JU,27.896
BKW Energie AG,6716,Mettembert,JU,27.896
BKW Energie AG,6718,Movelier,JU,27.896
BKW Energie AG,6719,Pleigne,JU,27.896
BKW Energie AG,6721,Rossemaison,JU,27.896
BKW Energie AG,6722,Saulcy,JU,27.896
BKW Energie AG,6724,Soyhières,JU,27.896
BKW Energie AG,6729,Haute-Sorne,JU,27.896
BKW Energie AG,6730,Val Terbi,JU,27.896
Société des Forces Électriques de La Goule SA,6741,Le Bémont (JU),JU,29.927
Société des Forces Électriques de La Goule SA,6742,Les Bois,JU,29.727
Société des Forces Électriques de La Goule SA,6743,Les Breuleux,JU,29.527
Société des Forces Électriques de La Goule SA,6744,La Chaux-des-Breuleux,JU,29.527
BKW Energie AG,6745,Les Enfers,JU,27.896
BKW Energie AG,6748,Les Genevez (JU),JU,27.896
BKW Energie AG,6750,Lajoux (JU),JU,28.096
BKW Energie AG,6751,Montfaucon,JU,27.896
Société des Forces Électriques de La Goule SA,6753,Muriaux,JU,30.027
Société des Forces Électriques de La Goule SA,6754,Le Noirmont,JU,29.477
Société des Forces Électriques de La Goule SA,6757,Saignelégier,JU,29.927
BKW Energie AG,6758,Saint-Brais,JU,27.596
BKW Energie AG,6759,Soubey,JU,27.896
BKW Energie AG,6771,Alle,JU,27.896
BKW Energie AG,6774,Boncourt,JU,27.896
BKW Energie AG,6778,Bure,JU,27.896
BKW Energie AG,6781,Coeuve,JU,28.096
BKW Energie AG,6782,Cornol,JU,27.896
BKW Energie AG,6783,Courchavon,JU,27.896
BKW Energie AG,6784,Courgenay,JU,27.896
BKW Energie AG,6785,Courtedoux,JU,27.896
BKW Energie AG,6789,Fahy,JU,27.896
BKW Energie AG,6790,Fontenais,JU,28.096
BKW Energie AG,6792,Grandfontaine,JU,27.896
BKW Energie AG,6800,Porrentruy,JU,27.896
BKW Energie AG,6806,Vendlincourt,JU,27.896
BKW Energie AG,6807,Basse-Allaine,JU,28.096
BKW Energie AG,6808,Clos du Doubs,JU,27.896
BKW Energie AG,6809,Haute-Ajoie,JU,27.896
BKW Energie AG,6810,La Baroche,JU,27.896
BKW Energie AG,6811,Damphreux-Lugnez,JU,27.896
BKW Energie AG,6812,Basse-Vendline,JU,27.896
